BDW,CTCP Cấp thoát nước Bình Định,7577
BGW,CTCP Nước sạch Bắc Giang,7577
BLW,CTCP Cấp nước Bạc Liêu,7577
BNW,CTCP Nước sạch Bắc Ninh,7577
BTW,CTCP Cấp nước Bến Thành,7577
BWA,CTCP Cấp thoát nước và Xây dựng Bảo Lộc,7577
BWE,CTCP - Tổng Công Ty Nước - Môi Trường Bình Dương,7577
BWS,CTCP Cấp nước Bà Rịa - Vũng Tàu,7577
CLW,CTCP Cấp nước Chợ Lớn,7577
CMW,CTCP Cấp nước Cà Mau,7577
CTW,CTCP Cấp thoát nước Cần Thơ,7577
DNN,CTCP Cấp nước Đà Nẵng,7577
DNW,CTCP Cấp nước Đồng Nai,7577
DVW,CTCP Dịch vụ và Xây dựng Cấp nước Đồng Nai,7577
DWC,CTCP Cấp nước Đắk Lắk,7577
DWS,CTCP Cấp nước và Môi trường đô thị Đồng Tháp,7577
GDW,CTCP Cấp nước Gia Định,7577
GLW,CTCP Cấp nước Gia Lai,7577
HDW,CTCP Kinh doanh nước sạch Hải Dương,7577
HGW,CTCP Cấp thoát nước - Công trình đô thị Hậu Giang,7577
HPW,CTCP Cấp nước Hải Phòng,7577
HWS,CTCP Cấp nước Thừa Thiên Huế,7577
KHW,CTCP Cấp thoát nước Khánh Hòa,7577
LAW,CTCP Cấp thoát nước Long An,7577
LDW,CTCP Cấp thoát nước Lâm Đồng,7577
LKW,CTCP Cấp nước Long Khánh,7577
NAW,CTCP Cấp nước Nghệ An,7577
NBT,CTCP Cấp thoát nước Bến Tre,7577
NBW,CTCP Cấp nước Nhà Bè,7577
NDW,CTCP Cấp nước Nam Định,7577
NLS,CTCP Cấp thoát nước Lạng Sơn,7577
NNT,CTCP Cấp nước Ninh Thuận,7577
NQB,CTCP Cấp nước Quảng Bình,7577
NQN,CTCP Nước sạch Quảng Ninh,7577
NQT,CTCP Nước sạch Quảng Trị,7577
NS2,CTCP Nước sạch số 2 Hà Nội,7577
NSL,CTCP Cấp nước Sơn La,7577
NTW,CTCP Cấp nước Nhơn Trạch,7577
NVP,CTCP Nước sạch Vĩnh Phúc,7577
PJS,CTCP Cấp nước Phú Hoà Tân,7577
PMW,CTCP Cấp nước Phú Mỹ,7577
PWS,CTCP Cấp thoát nước Phú Yên,7577
QNW,CTCP Cấp thoát nước và xây dựng Quảng Ngãi,7577
SII,CTCP Hạ tầng nước Sài Gòn,7577
STW,CTCP Cấp nước Sóc Trăng,7577
TAW,CTCP Cấp nước Trung An,7577
TDM,CTCP Nước Thủ Dầu Một,7577
TDW,CTCP Cấp nước Thủ Đức,7577
THN,CTCP Cấp nước Thanh Hóa,7577
THW,CTCP Cấp nước Tân Hòa,7577
TNW,CTCP Nước sạch Thái Nguyên,7577
TOW,CTCP Cấp nước Trà Nóc - Ô Môn,7577
TQW,CTCP Cấp thoát nước Tuyên Quang,7577
TVW,CTCP Cấp thoát nước Trà Vinh,7577
VAV,CTCP VIWACO,7577
VCW,CTCP Đầu tư nước sạch Sông Đà,7577
VLW,CTCP Cấp nước Vĩnh Long,7577
VPW,CTCP Cấp thoát nước số 1 Vĩnh Phúc,7577
AGE,CTCP Môi trường Đô thị An Giang,7575
BMD,CTCP Môi trường và Dịch vụ Đô thị Bình Thuận,7575
BRS,CTCP Dịch vụ Đô thị Bà Rịa,7575
BTU,CTCP Công trình Đô thị Bến Tre,7575
CDH,CTCP Công trình công cộng và Dịch vụ Du lịch Hải Phòng,7575
DLM,CTCP Chiếu sáng công cộng Đà Nẵng,7575
DNE,CTCP Môi trường Đô Thị Đà Nẵng,7575
DTB,CTCP Công trình Đô thị Bảo Lộc,7575
HEP,CTCP Môi trường và Công trình đô thị Huế,7575
MBN,CTCP Môi trường và Công trình đô thị Bắc Ninh,7575
MCD,CTCP Môi trường và Công trình Đô thị Đông Hà,7575
MDA,CTCP Môi trường Đô thị Đông Anh,7575
MLC,CTCP Môi trường đô thị tỉnh Lào Cai,7575
MND,CTCP Môi trường Nam Định,7575
MQN,CTCP Môi trường Đô thị Quảng Ngãi,7575
MTH,CTCP Môi trường đô thị Hà Đông,7575
MTL,CTCP Dịch vụ Môi trường Đô thị Từ Liêm,7575
MTV,CTCP Dịch vụ môi trường và Công trình đô thị Vũng Tàu,7575
NAU,CTCP Môi trường và Công trình đô thị Nghệ An,7575
NUE,CTCP Môi trường Đô thị Nha Trang,7575
QNU,CTCP Môi trường Đô thị Quảng Nam,7575
SDV,CTCP Dịch vụ Sonadezi,7575
SZE,CTCP Môi trường Sonadezi,7575
THU,CTCP Môi trường và Công trình đô thị Thanh Hóa,7575
UCT,CTCP Đô thị Cần Thơ,7575
UDL,CTCP Đô thị và Môi trường Đắk Lắk,7575
UMC,CTCP Công trình đô thị Nam Định,7575
USD,CTCP Công trình Đô thị Sóc Trăng,7575
VLP,CTCP Công trình Công cộng Vĩnh Long,7575
ASP,CTCP Tập đoàn Dầu khí An Pha,7573
CNG,CTCP CNG Việt Nam,7573
GAS,Tổng Công ty khí Việt Nam - CTCP,7573
HFC,CTCP Xăng dầu HFC,7573
MTG,CTCP MT Gas,7573
PCG,CTCP Đầu tư Phát triển Gas Đô thị,7573
PEG,Tổng Công ty Thương mại Kỹ thuật và Đầu tư - CTCP,7573
PGC,Tổng Công ty Gas Petrolimex - CTCP,7573
PGD,CTCP Phân phối khí Thấp áp Dầu khí Việt Nam,7573
PGS,CTCP Kinh doanh Khí Miền Nam,7573
PMG,CTCP Đầu tư và Sản xuất Petro Miền Trung,7573
PND,CTCP Xăng dầu Dầu khí Nam Định,7573
POV,CTCP Xăng dầu Dầu khí Vũng Áng,7573
PPY,CTCP Xăng dầu Dầu khí Phú Yên,7573
PVG,CTCP Kinh doanh LPG Việt Nam,7573
VMG,CTCP Thương mại và Dịch vụ Dầu khí Vũng Tàu,7573
AVC,CTCP Thủy Điện A Vương,7535
BHA,CTCP Thủy điện Bắc Hà,7535
BSA,CTCP Thủy điện Buôn Đôn,7535
BTP,CTCP Nhiệt điện Bà Rịa,7535
CHP,CTCP Thuỷ điện Miền Trung,7535
DNA,CTCP Điện nước An Giang,7535
DNC,CTCP Điện nước Lắp máy Hải Phòng,7535
DNH,CTCP Thủy điện Đa Nhim - Hàm Thuận - Đa Mi,7535
DRL,CTCP Thủy điện - Điện lực 3,7535
DTE,CTCP Đầu tư Năng lượng Đại Trường Thành Holdings,7535
DTK,Tổng công ty Điện lực TKV - CTCP,7535
EIC,CTCP EVN quốc tế,7535
GEG,CTCP Điện Gia Lai,7535
GHC,CTCP Thủy điện Gia Lai,7535
GSM,CTCP Thủy điện Hương Sơn,7535
HJS,CTCP Thủy điện Nậm Mu,7535
HNA,CTCP Thủy điện Hủa Na,7535
HND,CTCP Nhiệt điện Hải Phòng,7535
HPD,CTCP Thủy điện Đăk Đoa,7535
ISH,CTCP Thủy điện Srok Phu Miêng IDICO,7535
KHP,CTCP Điện Lực Khánh Hòa,7535
NBP,CTCP Nhiệt điện Ninh Bình,7535
ND2,CTCP Đầu tư và Phát triển điện Miền Bắc 2,7535
NED,CTCP Đầu tư và Phát triển Điện Tây Bắc,7535
NT2,CTCP Điện lực Dầu khí Nhơn Trạch 2,7535
NTH,CTCP Thủy điện Nước trong,7535
PGV,Tổng Công ty Phát điện 3 - CTCP,7535
PIC,CTCP Đầu tư Điện lực 3,7535
POW,Tổng Công ty Điện lực Dầu khí Việt Nam - CTCP,7535
PPC,CTCP Nhiệt điện Phả Lại,7535
QPH,CTCP Thủy điện Quế Phong,7535
QTP,CTCP Nhiệt điện Quảng Ninh,7535
S4A,CTCP Thủy điện Sê San 4A,7535
SBA,CTCP Sông Ba,7535
SBH,CTCP Thủy điện Sông Ba Hạ,7535
SBM,CTCP Đầu tư Phát triển Bắc Minh,7535
SEB,CTCP Đầu tư và Phát triển Điện Miền Trung,7535
SHP,CTCP Thuỷ Điện Miền Nam,7535
SJD,CTCP Thủy Điện Cần Đơn,7535
SP2,CTCP Thủy điện Sử Pán 2,7535
SVH,CTCP Thủy điện Sông Vàng,7535
TBC,CTCP Thủy điện Thác Bà,7535
TDB,CTCP Thủy điện Định Bình,7535
TMP,CTCP Thủy điện Thác Mơ,7535
TTA,CTCP Đầu tư Xây dựng và Phát triển Trường Thành,7535
TTE,CTCP Đầu tư Năng lượng Trường Thịnh,7535
VCP,CTCP Xây dựng và Năng lượng VCP,7535
VPD,CTCP Phát triển Điện lực Việt Nam,7535
VSH,CTCP Thủy điện Vĩnh Sơn - Sông Hinh,7535
XMP,CTCP Thủy điện Xuân Minh,7535
CMG,CTCP Tập đoàn Công nghệ CMC,9572
HIG,CTCP Tập đoàn HIPT,9572
ITD,CTCP Công nghệ Tiên Phong,9572
ONE,CTCP Công nghệ ONE,9572
POT,CTCP Thiết bị Bưu điện,9572
TIE,CTCP TIE,9572
VTK,CTCP Tư vấn và dịch vụ Viettel,9572
CMT,CTCP Công nghệ Mạng và Truyền thông,9537
FPT,CTCP FPT,9537
HPT,CTCP Dịch vụ Công nghệ Tin học HPT,9537
PAI,"CTCP Công nghệ thông tin, Viễn thông và Tự động hóa Dầu Khí",9537
PIA,CTCP Tin học Viễn thông Petrolimex,9537
SBD,CTCP Công nghệ Sao Bắc Đẩu,9537
SGT,CTCP Công nghệ - Viễn thông Sài Gòn,9537
SRA,CTCP Sara Việt Nam,9537
SRB,CTCP Tập đoàn Sara,9537
VLA,CTCP Đầu tư và Phát triển Công nghệ Văn Lang,9537
ELC,CTCP Công nghệ - Viễn thông ELCOM,9535
ST8,CTCP Đầu tư phát triển ST8,9574
CKV,CTCP COKYVINA,9578
ICT,CTCP Viễn thông - Tin học Bưu điện,9578
KST,CTCP KASATI,9578
LTC,CTCP Điện nhẹ Viễn thông,9578
MFS,CTCP Dịch vụ kỹ thuật Mobifone,9578
PMJ,CTCP Vật tư Bưu điện,9578
PMT,CTCP Viễn thông Telvina Việt Nam,9578
SAM,CTCP Sam Holdings,9578
SMT,CTCP Sametel,9578
TEL,CTCP Phát triển công trình Viễn thông,9578
TST,CTCP Dịch vụ Kỹ thuật Viễn thông,9578
UNI,CTCP Đầu tư và Phát triển Sao Mai Việt,9578
VAT,CTCP VT Vạn Xuân,9578
VGI,Tổng CTCP Đầu tư Quốc tế Viettel,9578
VIE,CTCP Công nghệ Viễn thông VITECO,9578
VTC,CTCP Viễn thông VTC,9578
VTE,CTCP Vinacap Kim Long,9578
ARM,CTCP Xuất Nhập khẩu Hàng Không,2791
CFM,CTCP Đầu tư CFM,2791
CNN,"CTCP Tư vấn công nghệ, thiết bị và kiểm định xây dựng - CONINCO",2791
DCH,CTCP Địa chính Hà Nội,2791
DKC,CTCP Chợ Lạng Sơn,2791
FTI,CTCP Công nghiệp - Thương mại Hữu Nghị,2791
HEJ,Tổng Công ty Tư vấn Xây dựng Thủy Lợi Việt Nam - CTCP,2791
HSA,CTCP HESTIA,2791
INC,CTCP Tư vấn đầu tư IDICO,2791
LPT,CTCP Thương mại và Sản xuất Lập Phương Thành,2791
NAC,CTCP Tư vấn Xây dựng Tổng hợp,2791
PPE,CTCP Tư vấn đầu tư PP Enterprise,2791
PVE,Tổng Công ty Tư vấn Thiết kế Dầu khí - CTCP,2791
QNT,CTCP Tư vấn và Đầu tư phát triển Quảng Nam,2791
SDA,CTCP SIMCO Sông Đà,2791
SDC,CTCP Tư vấn sông Đà,2791
SHN,CTCP Đầu tư Tổng hợp Hà Nội,2791
TV1,CTCP Tư vấn Xây dựng Điện 1,2791
TV2,CTCP Tư vấn Xây dựng Điện 2,2791
TV3,CTCP Tư Vấn Xây Dựng Điện 3,2791
TV4,CTCP Tư vấn Xây dựng Điện 4,2791
TVH,CTCP Tư vấn xây dựng công trình hàng hải,2791
TVM,CTCP Tư vấn đầu tư Mỏ và Công nghiệp - Vinacomin,2791
USC,CTCP Khảo sát và Xây dựng - USCO,2791
VCT,CTCP Tư vấn Xây dựng Vinaconex,2791
VEF,CTCP Trung tâm Hội chợ Triển lãm Việt Nam,2791
VGV,Tổng công ty tư vấn xây dựng Việt Nam - CTCP,2791
VNC,CTCP Tập đoàn Vinacontrol,2791
VQC,CTCP Giám định Vinacomin,2791
VWS,CTCP Nước và Môi trường Việt Nam,2791
AME,CTCP Alphanam E&C,2733
BTH,CTCP Chế tạo biến thế và Vật liệu điện Hà Nội,2733
CAV,CTCP Dây cáp điện Việt Nam,2733
CJC,CTCP Cơ điện Miền Trung,2733
DDG,CTCP Đầu tư Công nghiệp Xuất nhập khẩu Đông Dương,2733
DHP,CTCP Điện cơ Hải Phòng,2733
EMG,CTCP Thiết bị Phụ tùng Cơ điện,2733
GEE,CTCP Điện lực Gelex,2733
GEX,CTCP Tập đoàn GELEX,2733
HEM,CTCP Chế tạo Điện cơ Hà Nội,2733
HLS,CTCP Sứ kỹ thuật Hoàng Liên Sơn,2733
KIP,CTCP K.I.P Việt Nam,2733
PPS,CTCP Dịch vụ Kỹ thuật Điện lực Dầu khí Việt Nam,2733
TBD,Tổng Công ty Thiết bị điện Đông Anh - CTCP,2733
TGP,CTCP Trường Phú,2733
TYA,CTCP Dây và Cáp điện Taya Việt Nam,2733
VTH,CTCP Dây cáp điện Việt Thái,2733
SFN,CTCP Dệt lưới Sài Gòn,2797
HDO,CTCP Hưng Đạo Container,2753
SCY,CTCP Đóng tàu Sông Cấm,2753
TSB,CTCP Ắc quy Tia Sáng,2737
VBH,CTCP Điện tử Bình Hòa,2737
VEC,Tổng CTCP Điện tử và Tin học Việt Nam,2737
DLT,CTCP Du lịch và Thương mại - Vinacomin,2727
SMA,CTCP Thiết bị Phụ Tùng Sài Gòn,2727
ILC,CTCP Hợp tác lao động với nước ngoài,2793
VCM,CTCP Nhân lực và Thương mại Vinaconex,2793
EMS,Tổng Công ty Chuyển phát nhanh Bưu điện - CTCP,2771
VTP,Tổng CTCP Bưu chính Viettel,2771
ACV,Tổng Công ty Cảng hàng không Việt Nam - CTCP,2777
ASG,CTCP Tập đoàn ASG,2777
BLN,CTCP Vận tải và dịch vụ Liên Ninh,2777
BSG,CTCP Xe khách Sài Gòn,2777
CAG,CTCP Cảng An Giang,2777
CIA,CTCP Dịch vụ Sân bay Quốc tế Cam Ranh,2777
CLL,CTCP Cảng Cát Lái,2777
DL1,CTCP Tập đoàn Alpha Seven,2777
DNL,CTCP Logistics Cảng Đà Nẵng,2777
DOP,CTCP Vận tải Xăng dầu Đồng Tháp,2777
DVC,CTCP Thương mại Dịch vụ Tổng hợp Cảng Hải Phòng,2777
DVP,CTCP Đầu tư và Phát triển Cảng Đình Vũ,2777
DXP,CTCP Cảng Đoạn Xá,2777
GIC,CTCP Đầu tư dịch vụ và Phát triển xanh,2777
GMD,CTCP Gemadept,2777
HAH,CTCP Vận tải và Xếp dỡ Hải An,2777
HCT,CTCP Thương mại Dịch vụ Vận tải Xi măng Hải Phòng,2777
HHG,CTCP Hoàng Hà,2777
HHN,CTCP Vận tải và Dịch vụ Hàng hóa Hà Nội,2777
HHV,CTCP Đầu tư Hạ tầng giao thông Đèo Cả,2777
HMH,CTCP Hải Minh,2777
HNB,CTCP Bến xe Hà Nội,2777
HRT,CTCP Vận tải đường sắt Hà Nội,2777
HTV,CTCP Logistics Vicem,2777
ILB,CTCP ICD Tân Cảng - Long Bình,2777
ILS,CTCP Đầu tư Thương mại và Dịch vụ Quốc tế,2777
IST,CTCP ICD Tân Cảng Sóng Thần,2777
MAC,CTCP Cung ứng và Dịch vụ Kỹ thuật Hàng Hải,2777
MHC,CTCP MHC,2777
MVN,Tổng Công ty Hàng hải Việt Nam - CTCP,2777
NCT,CTCP Dịch vụ Hàng hóa Nội Bài,2777
NWT,CTCP Vận tải Newway,2777
PAP,CTCP Dầu khí Đầu tư khai thác cảng Phước An,2777
PCT,CTCP Vận tải khí và Hóa chất Việt Nam,2777
PDN,CTCP Cảng Đồng Nai,2777
PDV,CTCP Vận tải và Tiếp vận Phương Đông Việt,2777
PGT,CTCP PGT Holdings,2777
PJC,CTCP Thương mại và Vận tải Petrolimex Hà Nội,2777
PLO,CTCP Kho vận Petec,2777
PNP,CTCP Tân Cảng - Phú Hữu,2777
PRC,CTCP Logistics Portserco,2777
PSC,CTCP Vận tải và Dịch vụ Petrolimex Sài Gòn,2777
PSP,CTCP Cảng dịch vụ Dầu khí Đình Vũ,2777
PTH,CTCP Vận tải và Dịch vụ Petrolimex Hà Tây,2777
PTS,CTCP Vận tải và Dịch vụ Petrolimex Hải Phòng,2777
PTT,CTCP Vận tải Dầu khí Đông Dương,2777
RAT,CTCP Vận tải và Thương mại Đường sắt,2777
SAC,CTCP Xếp dỡ và Dịch vụ Cảng Sài Gòn,2777
SAS,CTCP Dịch vụ Hàng không Sân bay Tân Sơn Nhất,2777
SCS,CTCP Dịch vụ Hàng hóa Sài Gòn,2777
SFI,CTCP Đại lý Vận tải SAFI,2777
SGN,CTCP Phục vụ mặt đất Sài Gòn,2777
SGP,CTCP Cảng Sài Gòn,2777
SKG,CTCP Tàu cao tốc Superdong - Kiên Giang,2777
SRT,CTCP Vận tải Đường sắt Sài Gòn,2777
STG,CTCP Kho vận Miền Nam,2777
STS,CTCP Dịch vụ Vận tải Sài Gòn,2777
TCD,CTCP Đầu tư Phát triển Công nghiệp và Vận tải,2777
TCL,CTCP Đại lý giao nhận vận tải xếp dỡ Tân Cảng,2777
TCO,CTCP Vận tải đa phương thức Duyên Hải,2777
TCW,CTCP Kho vận Tân Cảng,2777
TJC,CTCP Dịch vụ Vận tải và Thương mại,2777
TMS,CTCP Transimex,2777
TNP,CTCP Cảng Thị Nại,2777
TOS,CTCP Dịch vụ biển Tân Cảng,2777
TOT,CTCP Transimex Logistics,2777
TPS,CTCP Bến bãi Vận tải Sài Gòn,2777
TR1,CTCP Vận tải 1 Traco,2777
TTZ,CTCP Đầu tư Xây dựng và Công nghệ Tiến Trung,2777
VGP,CTCP Cảng Rau Quả,2777
VGR,CTCP Cảng Xanh VIP,2777
VIN,CTCP Giao nhận Kho vận Ngoại thương Việt Nam,2777
VLG,CTCP VIMC Logistics,2777
VMT,CTCP Giao nhận vận tải Miền Trung,2777
VNF,CTCP VINAFREIGHT,2777
VNL,CTCP Logistics VINALINK,2777
VNS,CTCP Ánh Dương Việt Nam,2777
VNT,CTCP Giao nhận Vận tải Ngoại Thương,2777
VSC,CTCP Container Việt Nam,2777
VSG,CTCP Container phía Nam,2777
VSM,CTCP Container miền Trung,2777
VTM,CTCP Vận tải và Đưa đón thợ mỏ - Vinacomin,2777
VTX,CTCP Vận tải đa phương thức Vietranstimex,2777
VXT,CTCP Kho vận và Dịch vụ Thương mại,2777
WCS,CTCP Bến xe Miền Tây,2777
DUS,CTCP Dịch vụ Đô thị Đà Lạt,2799
MPY,CTCP Môi trường đô thị Phú Yên,2799
MQB,CTCP Môi trường và Phát triển đô thị Quảng Bình,2799
MTB,CTCP Môi trường và Công trình đô thị tỉnh Thái Bình,2799
UPC,CTCP Phát triển công viên cây xanh và Đô thị Vũng Tàu,2799
DSV,CTCP Đường sắt Vĩnh Phú,2775
HHR,CTCP Đường sắt Hà Hải,2775
HLR,CTCP Đường sắt Hà Lạng,2775
HTR,CTCP Đường sắt Hà Thái,2775
TSG,CTCP Thông tin tín hiệu đường sắt Sài Gòn,2775
APL,CTCP Cơ khí và thiết bị áp lực - VVMI,2757
CEG,CTCP Tập đoàn Xây dựng và Thiết bị Công nghiệp,2757
CMK,CTCP Cơ khí Mạo khê - Vinacomin,2757
CTB,CTCP Chế tạo Bơm Hải Dương,2757
CTT,CTCP Chế tạo máy - Vinacomin,2757
DZM,CTCP Cơ điện Dzĩ An,2757
FBC,CTCP Cơ khí Phổ Yên,2757
FSO,CTCP Cơ khí đóng tàu thủy sản Việt Nam,2757
FT1,CTCP Phụ tùng máy số 1,2757
IME,CTCP Cơ khí và Xây lắp Công nghiệp,2757
ITS,"CTCP Đầu tư, Thương mại và Dịch vụ - Vinacomin",2757
L62,CTCP Lilama 69-2,2757
L63,CTCP Lilama 69-3,2757
LCD,CTCP Lắp máy - Thí nghiệm Cơ Điện,2757
LLM,Tổng Công ty lắp máy Việt Nam - CTCP,2757
LM7,CTCP Lilama 7,2757
MA1,CTCP Thiết bị,2757
MIE,Tổng Công ty Máy và Thiết bị Công nghiệp - CTCP,2757
PMS,CTCP Cơ khí Xăng dầu,2757
PVM,CTCP Máy - Thiết bị Dầu Khí,2757
REE,CTCP Cơ điện lạnh,2757
SCO,CTCP Công nghiệp Thủy Sản,2757
SDK,CTCP Cơ khí Luyện Kim,2757
SRF,CTCP SEAREFICO,2757
TNI,CTCP Tập đoàn Thành Nam,2757
UEM,CTCP Cơ điện Uông Bí - Vinacomin,2757
VEA,Tổng Công ty Máy động lực và Máy nông nghiệp Việt Nam - CTCP,2757
ACC,CTCP Đầu tư và Xây dựng Bình Dương ACC,2353
ACE,CTCP Bê tông Ly tâm An Giang,2353
ADP,CTCP Sơn Á Đông,2353
BCC,CTCP Xi măng Bỉm Sơn,2353
BDT,CTCP Xây lắp và Vật liệu xây dựng Đồng Tháp,2353
BHC,CTCP Bê tông Biên Hòa,2353
BIG,CTCP BIG Invest Group,2353
BT6,CTCP Beton 6,2353
BTD,CTCP Bê tông Ly tâm Thủ Đức,2353
BTN,CTCP Gạch Tuy Nen Bình Định,2353
BTS,CTCP Xi măng VICEM Bút Sơn,2353
CCM,CTCP Khoáng sản và Xi măng Cần Thơ,2353
CDG,CTCP Cầu Đuống,2353
CE1,CTCP Xây dựng và Thiết bị Công nghiệp CIE1,2353
CGV,CTCP Vinaceglass,2353
CHC,CTCP Cẩm Hà,2353
CLH,CTCP Xi măng La Hiên VVMI,2353
CMD,CTCP Vật liệu Xây dựng và Trang trí nội thất Thành phố Hồ Chí Minh,2353
CQT,CTCP Xi măng Quán Triều - VVMI,2353
CRC,CTCP Create Capital Việt Nam,2353
CVT,CTCP CMC,2353
CYC,CTCP Gạch Men Chang Yih,2353
DAC,CTCP 382 Đông Anh,2353
DCR,CTCP Gạch Men Cosevco,2353
DCT,CTCP Tấm lợp - Vật liệu Xây dựng Đồng Nai,2353
DHA,CTCP Hóa An,2353
DND,CTCP Đầu tư Xây dựng và Vật liệu Đồng Nai,2353
DNP,CTCP DNP Holding,2353
DPS,CTCP Đầu tư Phát triển Sóc Sơn,2353
DSG,CTCP Kính Đáp Cầu,2353
DTC,CTCP Viglacera Đông Triều,2353
DVG,CTCP Tập đoàn Sơn Đại Việt,2353
DXV,CTCP VICEM Vật liệu Xây dựng Đà Nẵng,2353
FIC,Tổng Công ty Vật liệu Xây dựng Số 1 - CTCP,2353
GAB,CTCP Đầu tư khai khoáng & Quản lý tài sản FLC,2353
GKM,CTCP Khang Minh Group,2353
GMH,CTCP Minh Hưng Quảng Trị,2353
GMX,CTCP Gạch ngói Gốm Xây dựng Mỹ Xuân,2353
GND,CTCP Gạch ngói Đồng Nai,2353
HAM,CTCP Vật tư Hậu Giang,2353
HCC,CTCP Bê tông Hòa Cầm - INTIMEX,2353
HDA,CTCP Hãng Sơn Đông Á,2353
HLY,CTCP Gốm Xây dựng Yên Hưng,2353
HMR,CTCP Đá Hoàng Mai,2353
HOM,CTCP Xi măng VICEM Hoàng Mai,2353
HPP,CTCP Sơn Hải Phòng,2353
HSP,CTCP Sơn Tổng hợp Hà Nội,2353
HT1,CTCP Xi Măng Vicem Hà Tiên,2353
HVX,CTCP Xi măng VICEM Hải Vân,2353
KCE,CTCP Bê tông Ly tâm Điện lực Khánh Hòa,2353
KHL,CTCP Khoáng sản và Vật liệu Xây dựng Hưng Long,2353
KPF,CTCP Đầu tư tài sản Koji,2353
L10,CTCP Lilama 10,2353
LBM,CTCP Khoáng sản và Vật liệu Xây dựng Lâm Đồng,2353
LCC,CTCP Xi măng Hồng Phong,2353
LGC,CTCP Đầu tư Cầu đường CII,2353
MCC,CTCP Gạch ngói Cao cấp,2353
MCI,CTCP Đầu tư Xây dựng và Phát triển vật liệu IDICO,2353
NAG,CTCP Tập đoàn Nagakawa,2353
NAV,CTCP Nam Việt,2353
NHC,CTCP Gạch ngói Nhị Hiệp,2353
NNC,CTCP Đá Núi Nhỏ,2353
NO1,CTCP Tập đoàn 911,2353
NXT,CTCP Sản xuất và Cung ứng Vật liệu xây dựng KonTum,2353
PCM,CTCP Vật liệu xây dựng Bưu điện,2353
PTB,CTCP Phú Tài,2353
PTE,CTCP Xi măng Phú Thọ,2353
PX1,CTCP Xi măng Sông Lam 2,2353
QHD,CTCP Que hàn điện Việt Đức,2353
QNC,CTCP Xi măng và Xây dựng Quảng Ninh,2353
SCC,CTCP Thương Mại Đầu tư SHB,2353
SCJ,CTCP Xi măng Sài Sơn,2353
SCL,CTCP Sông Đà Cao Cường,2353
SDN,CTCP Sơn Đồng Nai,2353
SDY,CTCP Xi măng Sông Đà Yaly,2353
SPI,CTCP SPIRAL GALAXY,2353
TB8,CTCP Sản xuất và kinh doanh Vật tư Thiết bị - VVMI,2353
TBX,CTCP Xi măng Thái Bình,2353
TCK,Tổng Công ty cơ khí xây dựng - CTCP,2353
TCR,CTCP Công nghiệp Gốm Sứ Taicera,2353
TLT,CTCP Viglacera Thăng Long,2353
TMX,CTCP VICEM Thương mại Xi măng,2353
TRT,CTCP Redstarcera,2353
TTB,CTCP Tập đoàn Tiến Bộ,2353
TTC,CTCP Gạch men Thanh Thanh,2353
TVA,CTCP Sứ Viglacera Thanh Trì,2353
TXM,CTCP VICEM Thạch cao Xi măng,2353
VCS,CTCP Vicostone,2353
VCX,CTCP Xi măng Yên Bình,2353
VGC,Tổng Công ty Viglacera - CTCP,2353
VHL,CTCP Viglacera Hạ Long,2353
VIH,CTCP Viglacera Hà Nội,2353
VIT,CTCP Viglacera Tiên Sơn,2353
VLB,CTCP Xây dựng và sản xuất vật liệu xây dựng Biên Hòa,2353
VTA,CTCP VITALY,2353
VTS,CTCP Gạch Ngói Từ Sơn,2353
VTV,CTCP Năng lượng và Môi trường VICEM,2353
VXB,CTCP Vật liệu Xây dựng Bến Tre,2353
X77,CTCP Thành An 77,2353
XMC,CTCP Đầu tư và Xây dựng Xuân Mai,2353
XMD,CTCP Xuân Mai - Đạo Tú,2353
YBC,CTCP Xi măng và Khoáng sản Yên Bái,2353
BAL,CTCP Bao bì Bia - Rượu - Nước giải khát,2723
BBH,CTCP Bao bì Hoàng Thạch,2723
BBS,CTCP VICEM Bao bì Bút Sơn,2723
BPC,CTCP VICEM Bao bì Bỉm Sơn,2723
BTG,CTCP Bao bì Tiền Giang,2723
BXH,CTCP VICEM Bao bì Hải Phòng,2723
DPC,CTCP Nhựa Đà Nẵng,2723
HBD,CTCP Bao bì PP Bình Dương,2723
HPB,CTCP Bao bì PP,2723
MCP,CTCP In và Bao bì Mỹ Châu,2723
NHP,CTCP Sản xuất Xuất nhập khẩu NHP,2723
PBP,CTCP Bao bì dầu khí Việt Nam,2723
PBT,CTCP Nhà và Thương mại Dầu khí,2723
PMP,CTCP Bao bì đạm Phú Mỹ,2723
SDG,CTCP Sadico Cần Thơ,2723
STP,CTCP Công nghiệp Thương mại Sông Đà,2723
TKA,CTCP Bao bì Tân Khánh An,2723
TTP,CTCP Bao bì Nhựa Tân Tiến,2723
VBC,CTCP Nhựa - Bao bì Vinh,2723
CCP,CTCP Cảng Cửa Cấm Hải Phòng,2773
CCR,CTCP Cảng Cam Ranh,2773
CCT,CTCP Cảng Cần Thơ,2773
CDN,CTCP Cảng Đà Nẵng,2773
CMP,CTCP Cảng Chân Mây,2773
CPI,CTCP Đầu tư Cảng Cái Lân,2773
CQN,CTCP Cảng Quảng Ninh,2773
DDH,CTCP Đảm bảo giao thông đường thủy Hải Phòng,2773
DDM,CTCP Hàng hải Đông Đô,2773
GSP,CTCP Vận tải Sản phẩm khí Quốc tế,2773
ISG,CTCP Vận tải biển và Hợp tác lao động quốc tế,2773
NAP,CTCP Cảng Nghệ Tĩnh,2773
NOS,CTCP Vận tải Biển và Thương mại Phương Đông,2773
PHP,CTCP Cảng Hải Phòng,2773
PJT,CTCP Vận tải Xăng dầu Đường Thủy Petrolimex,2773
PSN,CTCP Dịch vụ kỹ thuật PTSC Thanh Hóa,2773
PVP,CTCP Vận tải Dầu khí Thái Bình Dương,2773
PVT,Tổng CTCP Vận tải Dầu khí,2773
QSP,CTCP Tân Cảng Quy Nhơn,2773
SAL,CTCP Trục vớt Cứu hộ Việt Nam,2773
SGS,CTCP Vận tải Biển Sài Gòn,2773
SHC,CTCP Hàng Hải Sài Gòn,2773
SSG,CTCP Vận tải biển Hải Âu,2773
SWC,Tổng CTCP Đường Sông Miền Nam,2773
TRS,CTCP Vận tải và Dịch vụ Hàng hải,2773
TUG,CTCP Lai dắt và Vận tải Cảng Hải Phòng,2773
VFC,CTCP Vinafco,2773
VFR,CTCP Vận tải và Thuê tàu,2773
VIP,CTCP Vận tải Xăng dầu VIPCO,2773
VMS,CTCP Phát triển Hàng Hải,2773
VNA,CTCP Vận tải biển VINASHIP,2773
VOS,CTCP Vận tải Biển Việt Nam,2773
VPA,CTCP Vận tải hóa dầu VP,2773
VSA,CTCP Đại lý Hàng hải Việt Nam,2773
VST,CTCP Vận tải và Thuê tàu biển Việt Nam,2773
VTO,CTCP Vận tải Xăng dầu Vitaco,2773
WTC,CTCP Vận tải Thủy - Vinacomin,2773
ACS,CTCP Xây lắp Thương mại 2,2357
ALV,CTCP Xây dựng ALVICO,2357
AMS,CTCP Cơ khí Xây dựng AMECC,2357
ATB,CTCP An Thịnh,2357
B82,CTCP 482,2357
BAX,CTCP Thống Nhất,2357
BCE,CTCP Xây dựng và Giao thông Bình Dương,2357
BMN,CTCP 715,2357
BOT,CTCP BOT Cầu Thái Hà,2357
C12,CTCP Cầu 12,2357
C32,CTCP CIC39,2357
C47,CTCP Xây dựng 47,2357
C4G,CTCP Tập đoàn CIENCO4,2357
C69,CTCP Xây dựng 1369,2357
C92,CTCP Xây dựng và Đầu tư 492,2357
CC1,Tổng Công ty Xây dựng Số 1 - CTCP,2357
CC4,CTCP Đầu tư và Xây dựng số 4,2357
CCV,CTCP Tư vấn Xây dựng Công nghiệp và Đô thị Việt Nam,2357
CDC,CTCP Chương Dương,2357
CDO,CTCP Tư vấn thiết kế và Phát triển đô thị,2357
CDR,CTCP Xây dựng Cao Su Đồng Nai,2357
CH5,CTCP Xây dựng Số 5 Hà Nội,2357
CHS,CTCP Chiếu sáng Công cộng thành phố Hồ Chí Minh,2357
CI5,CTCP Đầu tư Xây dựng số 5,2357
CID,CTCP Xây dựng và Phát triển Cơ sở Hạ tầng,2357
CII,CTCP Đầu tư Hạ tầng Kỹ thuật Thành phố Hồ Chí Minh,2357
CIP,CTCP Xây lắp và Sản xuất Công nghiệp,2357
CK8,CTCP Cơ khí 120,2357
CMS,CTCP Tập đoàn CMH Việt Nam,2357
CNT,CTCP Tập đoàn CNT,2357
CT3,CTCP Đầu tư và Xây dựng Công trình 3,2357
CT6,CTCP Công trình 6,2357
CTA,CTCP Vinavico,2357
CTD,CTCP Xây dựng COTECCONS,2357
CTI,CTCP Đầu tư Phát triển Cường Thuận IDICO,2357
CTN,CTCP Xây Dựng Công Trình Ngầm,2357
CTX,Tổng CTCP Đầu tư xây dựng và Thương mại Việt Nam,2357
CVN,CTCP Vinam,2357
CX8,CTCP Đầu tư và Xây lắp Constrexim số 8,2357
DC1,CTCP Đầu tư Phát triển xây dựng số 1,2357
DC2,CTCP Đầu tư phát triển - Xây dựng (DIC) Số 2,2357
DC4,CTCP Xây Dựng DIC Holdings,2357
DCF,CTCP Xây dựng và Thiết kế số 1,2357
DFF,CTCP Tập đoàn Đua Fat,2357
DGT,CTCP Công trình giao thông Đồng Nai,2357
DIC,CTCP Đầu tư và Thương mại DIC,2357
DID,CTCP DIC - Đồng Tiến,2357
DIH,CTCP Đầu tư Phát triển Xây dựng - Hội An,2357
DPG,CTCP Tập đoàn Đạt Phương,2357
DST,CTCP Đầu tư Sao Thăng Long,2357
DTD,CTCP Đầu tư Phát triển Thành Đạt,2357
DTV,CTCP Phát triển Điện Trà Vinh,2357
E12,CTCP Xây dựng điện Vneco 12,2357
E29,CTCP Đầu tư xây dựng và kỹ thuật 29,2357
EME,CTCP Điện Cơ,2357
EVG,CTCP Tập đoàn Everland,2357
FCN,CTCP FECON,2357
FID,CTCP Đầu tư và Phát triển Doanh nghiệp Việt Nam,2357
G36,Tổng Công ty 36 - CTCP,2357
GH3,CTCP Công trình Giao thông Hà Nội,2357
GTS,CTCP Công trình Giao thông Sài Gòn,2357
H11,CTCP Xây dựng HUD101,2357
HAN,Tổng Công ty Xây dựng Hà Nội - CTCP,2357
HAS,CTCP Hacisco,2357
HBC,CTCP Tập đoàn Xây dựng Hòa Bình,2357
HC1,CTCP Xây dựng số 1 Hà Nội,2357
HC3,CTCP Xây dựng số 3 Hải Phòng,2357
HCI,CTCP Đầu tư - Xây dựng Hà Nội,2357
HEC,CTCP Tư vấn Xây dựng Thủy Lợi II,2357
HFB,CTCP Công trình Cầu phà Thành phố Hồ Chí Minh,2357
HID,CTCP Halcom Việt Nam,2357
HMS,CTCP Xây dựng bảo tàng Hồ Chí Minh,2357
HTE,CTCP Đầu tư Kinh doanh Điện lực Thành phố Hồ Chí Minh,2357
HTI,CTCP Đầu tư Phát triển Hạ tầng IDICO,2357
HTN,CTCP Hưng Thịnh Incons,2357
HU1,CTCP Đầu tư và Xây dựng HUD1,2357
HU3,CTCP Đầu tư và Xây dựng HUD3,2357
HU4,CTCP Đầu tư và Xây dựng HUD4,2357
HUB,CTCP Xây lắp Thừa Thiên Huế,2357
HUT,CTCP Tasco,2357
HVH,CTCP Đầu tư và Công nghệ HVC,2357
ICC,CTCP Xây dựng công nghiệp - ICC,2357
ICG,CTCP Xây dựng Sông Hồng,2357
ICI,CTCP Đầu tư và Xây dựng Công nghiệp,2357
ICN,CTCP Đầu tư Xây dựng Dầu khí IDICO,2357
KDM,CTCP Tập đoàn GCL,2357
KTT,CTCP Tập đoàn Đầu tư KTT,2357
L12,CTCP Licogi 12,2357
L14,CTCP Licogi 14,2357
L18,CTCP Đầu tư và Xây dựng số 18,2357
L35,CTCP Cơ khí Lắp máy Lilama,2357
L40,CTCP Đầu tư và Xây dựng 40,2357
L43,CTCP Lilama 45.3,2357
L44,CTCP Lilama 45.4,2357
L45,CTCP Lilama 45.1,2357
L61,CTCP Lilama 69-1,2357
LCG,CTCP Lizen,2357
LCS,CTCP Licogi 166,2357
LG9,CTCP Cơ giới và Xây lắp số 9,2357
LHC,CTCP Đầu tư và Xây dựng Thủy lợi Lâm Đồng,2357
LIC,Tổng Công ty Licogi - CTCP,2357
LIG,CTCP Licogi 13,2357
LM3,CTCP Lilama 3,2357
LM8,CTCP Lilama 18,2357
LMI,CTCP Đầu tư xây dựng lắp máy IDICO,2357
LO5,CTCP Lilama 5,2357
LQN,CTCP Licogi Quảng Ngãi,2357
MCG,CTCP Năng lượng và Bất động sản MCG,2357
MCO,CTCP Đầu tư và Xây dựng BDC Việt Nam,2357
MDG,CTCP Miền Đông,2357
MEC,CTCP Cơ khí - Lắp máy Sông Đà,2357
MES,CTCP Cơ điện Công trình,2357
MST,CTCP Đầu tư MST,2357
MVC,CTCP Vật liệu và Xây dựng Bình Dương,2357
NDX,CTCP Xây lắp Phát triển Nhà Đà Nẵng,2357
NHA,Tổng Công ty Đầu tư Phát triển Nhà và Đô thị Nam Hà Nội,2357
PC1,CTCP Tập đoàn PC1,2357
PCC,CTCP Tập đoàn Xây lắp 1 - Petrolimex,2357
PDB,CTCP Tập đoàn đầu tư Din Capital,2357
PEN,CTCP Xây lắp III Petrolimex,2357
PHC,CTCP Xây dựng Phục Hưng Holdings,2357
PHH,CTCP Hồng Hà Việt Nam,2357
PLE,CTCP Tư vấn Xây dựng Petrolimex,2357
PQN,CTCP Dịch vụ dầu khí Quảng Ngãi PTSC,2357
PSB,CTCP Đầu tư Dầu khí Sao Mai - Bến Đình,2357
PSG,CTCP Đầu tư và Xây lắp Dầu khí Sài Gòn,2357
PTC,CTCP Đầu tư ICAPITAL,2357
PTD,CTCP Thiết kế Xây dựng Thương mại Phúc Thịnh,2357
PTN,CTCP Phát triển Nhà Khánh Hòa,2357
PTO,CTCP Dịch vụ - Xây dựng công trình Bưu điện,2357
PVA,CTCP Tổng Công ty Xây lắp Dầu khí Nghệ An,2357
PVH,CTCP Xây lắp Dầu khí Thanh Hóa,2357
PVV,CTCP Vinaconex 39,2357
PVX,Tổng CTCP Xây lắp Dầu khí Việt Nam,2357
PXC,CTCP Phát triển Đô thị Dầu khí,2357
PXI,CTCP Xây dựng công nghiệp và Dân dụng dầu khí,2357
PXM,CTCP Xây lắp Dầu khí Miền Trung,2357
PXS,CTCP Kết cấu kim loại và Lắp máy Dầu khí,2357
PXT,CTCP Xây lắp Đường ống Bể chứa Dầu khí,2357
QCC,CTCP Đầu tư xây dựng và Phát triển Hạ tầng Viễn thông,2357
QTC,CTCP Công trình Giao thông Vận tải Quảng Nam,2357
RCC,CTCP Tổng Công ty Công trình Đường sắt,2357
RCD,CTCP Xây dựng - Địa ốc Cao su,2357
S12,CTCP Sông Đà 12,2357
S27,CTCP Sông Đà 27,2357
S55,CTCP Sông Đà 505,2357
S72,CTCP Sông Đà 7.02,2357
S74,CTCP Sông Đà 7.04,2357
S96,CTCP Sông Đà 9.06,2357
S99,CTCP SCI,2357
SC5,CTCP Xây dựng số 5,2357
SCG,CTCP Tập đoàn Xây dựng SCG,2357
SCI,CTCP SCI E&C,2357
SD1,CTCP Sông Đà 1,2357
SD2,CTCP Sông Đà 2,2357
SD3,CTCP Sông Đà 3,2357
SD4,CTCP Sông Đà 4,2357
SD5,CTCP Sông Đà 5,2357
SD6,CTCP Sông Đà 6,2357
SD7,CTCP Sông Đà 7,2357
SD8,CTCP Sông Đà 8,2357
SD9,CTCP Sông Đà 9,2357
SDB,CTCP Sông Đà 207,2357
SDD,CTCP Đầu tư và Xây lắp Sông Đà,2357
SDJ,CTCP Sông Đà 25,2357
SDP,CTCP SDP,2357
SDT,CTCP Sông Đà 10,2357
SDX,CTCP Phòng cháy Chữa cháy và Đầu tư Xây dựng Sông Đà,2357
SHG,Tổng CTCP Sông Hồng,2357
SIG,CTCP Đầu tư và Thương mại Sông Đà,2357
SJC,CTCP Sông Đà 1.01,2357
SJE,CTCP Sông Đà 11,2357
SJG,Tổng Công ty Sông Đà - CTCP,2357
SJM,CTCP Sông Đà 19,2357
SVN,CTCP Tập đoàn Vexilla Việt Nam,2357
SZB,CTCP Sonadezi Long Bình,2357
TA3,CTCP Đầu tư và Xây lắp Thành An 386,2357
TA6,CTCP Đầu tư và Xây lắp Thành An 665,2357
TA9,CTCP Xây lắp Thành An 96,2357
TBT,CTCP Xây dựng Công trình Giao thông Bến Tre,2357
TDF,CTCP Trung Đô,2357
TDI,CTCP Tập đoàn TDI,2357
TED,Tổng Công ty Tư vấn thiết kế Giao thông vận tải - CTCP,2357
THG,CTCP Đầu tư và Xây dựng Tiền Giang,2357
TKC,CTCP Xây dựng và Kinh doanh Địa ốc Tân Kỷ,2357
TL4,Tổng Công ty Xây dựng Thủy lợi 4 - CTCP,2357
TLD,CTCP Đầu tư Xây dựng và Phát triển Đô thị Thăng Long,2357
TNM,CTCP Xuất nhập khẩu và Xây dựng Công trình,2357
TS3,CTCP Trường Sơn 532,2357
TTL,Tổng Công ty Thăng Long - CTCP,2357
TVG,CTCP Tư vấn đầu tư và Xây dựng Giao thông vận tải,2357
UDC,CTCP Xây dựng và Phát triển đô thị tỉnh Bà Rịa - Vũng Tàu,2357
UDJ,CTCP Phát triển Đô thị,2357
UIC,CTCP Đầu tư phát triển Nhà và Đô thị IDICO,2357
V11,CTCP Xây dựng số 11,2357
V12,CTCP Xây dựng số 12,2357
V15,CTCP Xây dựng số 15,2357
V21,CTCP VINACONEX 21,2357
VC1,CTCP Xây dựng số 1,2357
VC2,CTCP Đầu tư và Xây dựng Vina2,2357
VC5,CTCP Xây dựng số 5,2357
VC6,CTCP Xây dựng và Đầu tư Visicons,2357
VC7,CTCP Tập đoàn BGI,2357
VC9,CTCP Xây dựng số 9 - VC9,2357
VCC,CTCP Vinaconex 25,2357
VCG,Tổng CTCP Xuất nhập khẩu và Xây dựng Việt Nam,2357
VE1,CTCP Xây dựng điện VNECO 1,2357
VE2,CTCP Xây dựng điện VNECO 2,2357
VE3,CTCP Xây dựng điện VNECO 3,2357
VE4,CTCP Xây dựng điện VNECO 4,2357
VE8,CTCP Xây dựng điện VNECO 8,2357
VE9,CTCP Đầu tư và Xây dựng VNECO 9,2357
VES,CTCP Đầu tư và Xây dựng điện Mê Ca Vneco,2357
VHD,CTCP Đầu tư Phát triển nhà và Đô thị Vinahud,2357
VHH,CTCP Đầu tư Kinh doanh nhà Thành Đạt,2357
VIW,Tổng công ty Đầu tư Nước và Môi trường Việt Nam - CTCP,2357
VMC,CTCP VIMECO,2357
VNE,Tổng CTCP Xây dựng điện Việt Nam,2357
VPC,CTCP Đầu tư và Phát triển Năng lượng Việt Nam,2357
VSE,CTCP Dịch vụ Đường cao tốc Việt Nam,2357
VSI,CTCP Đầu tư và Xây dựng Cấp thoát nước,2357
VVN,Tổng CTCP Xây dựng Công nghiệp Việt Nam,2357
VW3,CTCP Viwaseen3,2357
XDC,CTCP Xây dựng Công trình Tân Cảng,2357
XDH,CTCP Đầu tư Xây dựng Dân dụng Hà Nội,2357
XLV,CTCP Xây lắp và Dịch vụ Sông Đà,2357
VVS,CTCP Đầu tư phát triển máy Việt Nam,2779
DMS,CTCP Hóa phẩm dầu khí DMC - Miền Nam,587
POB,CTCP Xăng dầu Dầu khí Thái Bình,587
PPT,CTCP Petro Times,587
PSH,CTCP Thương mại Đầu tư Dầu khí Nam Sông Hậu,587
TLP,Tổng Công ty Thương mại Xuất nhập khẩu Thanh Lễ - CTCP,587
PVB,CTCP Bọc ống dầu khí Việt Nam,577
BSR,CTCP Lọc - Hóa dầu Bình Sơn,533
OIL,Tổng Công ty Dầu Việt Nam - CTCP,533
PCN,CTCP Hóa phẩm dầu khí DMC - Miền Bắc,533
PLX,Tập đoàn Xăng dầu Việt Nam,533
PTX,CTCP Vận tải và Dịch vụ Petrolimex Nghệ Tĩnh,533
PVO,CTCP Dầu nhờn PV OIL,533
TDG,CTCP Đầu tư TDG Global,533
SHE,CTCP Phát triển năng lượng Sơn Hà,583
MTS,CTCP Vật tư - TKV,573
PEQ,CTCP Thiết bị Xăng dầu Petrolimex,573
POS,CTCP Dịch vụ Lắp đặt - Vận hành và Bảo dưỡng Công trình Dầu khí biển PTSC,573
PTV,CTCP Thương mại Dầu khí,573
PVC,Tổng Công ty Hóa chất và Dịch vụ dầu khí - CTCP,573
PVD,Tổng CTCP Khoan và Dịch vụ Khoan Dầu khí,573
PVS,Tổng CTCP Dịch vụ Kỹ thuật Dầu khí Việt Nam,573
PVY,CTCP Chế tạo Giàn khoan Dầu khí,573
CLX,CTCP Xuất nhập khẩu và đầu tư Chợ Lớn (Cholimex),5337
LBC,CTCP Thương mại - Đầu tư Long Biên,5337
PNG,CTCP Thương mại Phú Nhuận,5337
TH1,CTCP Xuất nhập khẩu Tổng hợp I Việt Nam,5337
TOP,CTCP Phân phối Top One,5337
BMF,CTCP Vật liệu Xây dựng và Chất đốt Đồng Nai,5379
COM,CTCP Vật tư - Xăng dầu,5379
AAT,CTCP Tập đoàn Tiên Sơn Thanh Hóa,5371
DAN,CTCP Dược Danapha,5333
ABR,CTCP Đầu tư Nhãn Hiệu Việt,5373
AMD,CTCP Đầu tư và Khoáng sản FLC STONE,5373
AST,CTCP Dịch vụ Hàng không Taseco,5373
BSC,CTCP Dịch vụ Bến Thành,5373
BTT,CTCP Thương mại - Dịch vụ Bến Thành,5373
CEN,CTCP CENCON Việt Nam,5373
CMV,CTCP Thương nghiệp Cà Mau,5373
DGW,CTCP Thế giới số,5373
FRT,CTCP Bán lẻ Kỹ thuật số FPT,5373
GCB,CTCP Petec Bình Định,5373
GMA,CTCP G-AUTOMOBILE,5373
HFX,CTCP Sản xuất - Xuất nhập khẩu Thanh Hà,5373
HTC,CTCP Thương mại Hóc Môn,5373
HTM,Tổng Công ty Thương mại Hà Nội - CTCP,5373
KLF,CTCP Đầu tư Thương mại và Xuất nhập khẩu CFS,5373
KTC,CTCP Thương mại Kiên Giang,5373
LMH,CTCP Quốc tế Holding,5373
MWG,CTCP Đầu tư Thế giới Di động,5373
PET,Tổng CTCP Dịch vụ Tổng hợp Dầu khí,5373
PIT,CTCP Xuất nhập khẩu Petrolimex,5373
PIV,CTCP PIV,5373
PSD,CTCP Dịch vụ Phân phối Tổng hợp Dầu khí,5373
SFC,CTCP Nhiên liệu Sài Gòn,5373
SID,CTCP Đầu tư Phát triển Sài Gòn Co.op,5373
THS,CTCP Thanh Hoa - Sông Đà,5373
TMC,CTCP Thương Mại Xuất Nhập Khẩu Thủ Đức,5373
TNA,CTCP Thương Mại Xuất Nhập Khẩu Thiên Nam,5373
TTH,CTCP Thương mại và Dịch vụ Tiến Thành,5373
VTJ,CTCP Thương mại và Đầu tư Vi na ta ba,5373
ADG,CTCP Clever Group,5555
CAR,CTCP Tập đoàn Giáo dục Trí Việt,5555
ODE,CTCP Tập đoàn Truyền thông và Giải trí ODE,5555
VNX,CTCP Quảng cáo và Hội chợ Thương Mại Vinexad,5555
CTC,CTCP Tập đoàn Hoàng Kim Tây Nguyên,5755
DSN,CTCP Công viên nước Đầm Sen,5755
GTT,CTCP Thuận Thảo,5755
HES,CTCP Dịch vụ Giải trí Hà Nội,5755
ONW,CTCP Dịch vụ Một thế giới,5755
RGC,CTCP Đầu tư PV - Inconess,5755
RIC,CTCP Quốc tế Hoàng Gia,5755
VNZ,CTCP VNG,5755
YEG,CTCP Tập đoàn Yeah1,5755
CPH,CTCP Phục vụ mai táng Hải Phòng,5377
BCV,CTCP Du lịch và Thương mại Bằng Giang Cao Bằng - Vimico,5759
BTV,CTCP Dịch vụ Du lịch Bến Thành,5759
DLD,CTCP Du lịch Đắk Lắk,5759
DNT,CTCP Du lịch Đồng Nai,5759
DS3,CTCP DS3,5759
DSD,CTCP DHC Suối Đôi,5759
DSP,CTCP Dịch vụ Du lịch Phú Thọ,5759
DXL,CTCP Du lịch và Xuất nhập khẩu Lạng Sơn,5759
HGT,CTCP Du lịch Hương Giang,5759
HOT,CTCP Du lịch - Dịch vụ Hội An,5759
MTC,CTCP Dịch vụ Du lịch Mỹ Trà,5759
PDC,CTCP Du lịch Dầu khí Phương Đông,5759
STT,CTCP Vận chuyển Sài Gòn Tourist,5759
TCT,CTCP Cáp Treo Núi Bà Tây Ninh,5759
TSD,CTCP Du lịch Trường Sơn COECCO,5759
TSJ,CTCP Du lịch Dịch vụ Hà Nội,5759
TTT,CTCP Du lịch - Thương mại Tây Ninh,5759
VTD,CTCP Vietourist Holdings,5759
VTG,CTCP Du lịch tỉnh Bà Rịa - Vũng Tàu,5759
VTR,CTCP Du lịch và Tiếp thị Giao thông vận tải Việt Nam - Vietravel,5759
HVN,Tổng Công ty Hàng không Việt Nam - CTCP,5751
MAS,CTCP Dịch vụ Hàng không sân bay Đà Nẵng,5751
NAS,CTCP Dịch vụ Hàng không Sân bay Nội Bài,5751
VJC,CTCP Hàng không VIETJET,5751
DAH,CTCP Tập đoàn Khách sạn Đông Á,5753
OCH,CTCP One Capital,5753
SGH,CTCP Khách Sạn Sài Gòn,5753
SHX,CTCP Sài Gòn Hỏa xa,5753
VIR,CTCP Du lịch Quốc tế Vũng Tàu,5753
VNG,CTCP Du lịch Thành Thành Công,5753
CAB,CTCP Tổng công ty Truyền hình Cáp Việt Nam,5553
ADC,CTCP Mỹ thuật và Truyền Thông,5557
ALT,CTCP Văn hóa Tân Bình,5557
BDB,CTCP Sách và Thiết bị Bình Định,5557
BED,CTCP Sách và Thiết bị Trường học Đà Nẵng,5557
BST,CTCP Sách - Thiết bị Bình Thuận,5557
DAD,CTCP Đầu tư và Phát triển giáo dục Đà Nẵng,5557
DAE,CTCP Sách Giáo dục tại Thành phố Đà Nẵng,5557
EBS,CTCP Sách Giáo dục tại Thành phố Hà Nội,5557
ECI,CTCP Tập đoàn ECI,5557
EID,CTCP Đầu tư và Phát triển giáo dục Hà Nội,5557
EPH,CTCP Dịch vụ Xuất bản Giáo dục Hà Nội,5557
FHS,CTCP Phát hành sách thành phố Hồ Chí Minh - FAHASA,5557
HEV,CTCP Sách Đại học - Dạy nghề,5557
HTP,CTCP In sách giáo khoa Hòa Phát,5557
IBD,CTCP In Tổng hợp Bình Dương,5557
IHK,CTCP In Hàng không,5557
IN4,CTCP In số 4,5557
INN,CTCP Bao bì và In Nông nghiệp,5557
LBE,CTCP Sách và Thiết bị Trường học Long An,5557
NBE,CTCP Sách và Thiết bị Giáo dục Miền Bắc,5557
PNC,CTCP Văn hóa Phương Nam,5557
PTP,CTCP Dịch vụ Viễn thông và In Bưu Điện,5557
QST,CTCP Sách và Thiết bị trường học Quảng Ninh,5557
SAP,CTCP In sách giáo khoa TP Hồ Chí Minh,5557
SED,CTCP Đầu tư và Phát triển Giáo dục Phương Nam,5557
SGD,CTCP Sách Giáo dục tại Thành phố Hồ Chí Minh,5557
SMN,CTCP Sách và Thiết bị Giáo dục Miền Nam,5557
STC,CTCP Sách và Thiết bị trường học Thành phố Hồ Chí Minh,5557
STH,CTCP Phát hành sách Thái Nguyên,5557
TPH,CTCP In Sách Giáo Khoa tại Thành phố Hà Nội,5557
VNB,CTCP Sách Việt Nam,5557
VPR,CTCP Vinaprint,5557
BBM,CTCP Bia Hà Nội - Nam Định,3533
BHK,CTCP Bia Hà Nội - Kim Bài,3533
BHN,Tổng CTCP Bia - Rượu - Nước Giải khát Hà Nội,3533
BHP,CTCP Bia Hà Nội - Hải Phòng,3533
BQB,CTCP Bia Hà Nội - Quảng Bình,3533
BSD,"CTCP Bia, Rượu Sài Gòn - Đồng Xuân",3533
BSH,CTCP Bia Sài Gòn - Hà Nội,3533
BSL,CTCP Bia Sài Gòn - Sông Lam,3533
BSP,CTCP Bia Sài Gòn - Phú Thọ,3533
BSQ,CTCP Bia Sài Gòn - Quảng Ngãi,3533
BTB,CTCP Bia Hà Nội - Thái Bình,3533
HAD,CTCP Bia Hà Nội - Hải Dương,3533
HAT,CTCP Thương mại Bia Hà Nội,3533
HBH,CTCP Habeco - Hải Phòng,3533
HLB,CTCP Bia và Nước giải Khát Hạ Long,3533
SAB,Tổng CTCP Bia - Rượu - Nước giải khát Sài Gòn,3533
SB1,CTCP Bia Sài Gòn - Nghệ Tĩnh,3533
SBL,CTCP Bia Sài Gòn - Bạc Liêu,3533
SMB,CTCP Bia Sài Gòn - Miền Trung,3533
THB,CTCP Bia Hà Nội - Thanh Hóa,3533
WSB,CTCP Bia Sài Gòn - Miền Tây,3533
HAV,CTCP Rượu Hapro,3535
HNR,CTCP Rượu và Nước Giải Khát Hà Nội,3535
VDL,CTCP Thực phẩm Lâm Đồng,3535
VTL,CTCP Vang Thăng Long,3535
A32,CTCP 32,3765
GTD,CTCP Giầy Thượng Đình,3765
SSF,CTCP Giáo dục G Sài Gòn,3765
BEL,CTCP Điện tử Biên Hòa,3743
GLT,CTCP Kỹ thuật Điện Toàn Cầu,3743
VTB,CTCP Viettronics Tân Bình,3743
CSM,CTCP Công nghiệp cao su Miền Nam,3357
DRC,CTCP Cao Su Đà Nẵng,3357
SRC,CTCP Cao su Sao vàng,3357
ACG,CTCP Gỗ An Cường,3726
GTA,CTCP Chế biến Gỗ Thuận An,3726
PID,CTCP Trang trí Nội thất Dầu khí,3726
SAV,CTCP Hợp tác kinh tế và Xuất nhập khẩu Savimex,3726
TTF,CTCP Tập đoàn Kỹ nghệ Gỗ Trường Thành,3726
XHC,CTCP Xuân Hòa Việt Nam,3726
AAM,CTCP Thủy sản Mekong,3573
ABT,CTCP Xuất nhập khẩu Thuỷ sản Bến Tre,3573
ACL,CTCP Xuất nhập khẩu Thuỷ sản Cửu Long An Giang,3573
AGF,CTCP Xuất nhập khẩu Thủy sản An Giang,3573
ANV,CTCP Nam Việt,3573
APT,CTCP Kinh doanh Thủy Hải Sản Sài Gòn,3573
AVF,CTCP Việt An,3573
BAF,CTCP Nông nghiệp BAF Việt Nam,3573
BHG,CTCP Chè Biển Hồ,3573
BLF,CTCP Thủy sản Bạc Liêu,3573
CAT,CTCP Thủy sản Cà Mau,3573
CMM,CTCP Camimex,3573
CMX,CTCP Camimex Group,3573
CNA,CTCP Tổng Công ty Chè Nghệ An,3573
CPA,CTCP Cà phê Phước An,3573
CTP,CTCP Minh khang Capital Trading Public,3573
DMN,CTCP Domenal,3573
HAG,CTCP Hoàng Anh Gia Lai,3573
HNG,CTCP Nông nghiệp Quốc tế Hoàng Anh Gia Lai,3573
HVA,CTCP Đầu tư HVA,3573
HVG,CTCP Hùng Vương,3573
ICF,CTCP Đầu tư - Thương mại - Thuỷ Sản,3573
IDI,CTCP Đầu tư và Phát triển Đa quốc gia I.D.I,3573
ILA,CTCP ILA,3573
JOS,CTCP Chế biến Thủy sản Xuất khẩu Minh Hải,3573
KHS,CTCP Kiên Hùng,3573
MLS,CTCP Chăn nuôi - Mitraco,3573
MPC,CTCP Tập Đoàn Thủy Sản Minh Phú,3573
NGC,CTCP Chế biến Thủy sản Xuất khẩu Ngô Quyền,3573
NHV,CTCP Sức khỏe hồi sinh Việt Nam,3573
NSC,CTCP Tập đoàn Giống cây trồng Việt Nam,3573
NSS,CTCP Nông Súc Sản Đồng Nai,3573
PAN,CTCP Tập đoàn PAN,3573
PCF,CTCP Cà phê Petec,3573
PSL,CTCP Chăn nuôi Phú Sơn,3573
SEA,Tổng Công ty Thủy sản Việt Nam - CTCP,3573
SJ1,CTCP Nông nghiệp Hùng Hậu,3573
SJF,CTCP Đầu tư Sao Thái Dương,3573
SNC,CTCP Xuất nhập khẩu Thủy sản Năm Căn,3573
SPD,CTCP Xuất nhập khẩu Thủy sản Miền Trung,3573
SSC,CTCP Giống cây trồng Miền Nam,3573
TAN,CTCP Cà phê Thuận An,3573
TCJ,CTCP Tô Châu,3573
THP,CTCP Thủy sản và Thương mại Thuận Phước,3573
TID,CTCP Tổng Công ty Tín Nghĩa,3573
TS4,CTCP Thủy sản số 4,3573
VHC,CTCP Vĩnh Hoàn,3573
VLC,Tổng Công ty Chăn nuôi Việt Nam - CTCP,3573
VNH,CTCP Đầu tư Việt Việt Nhật,3573
NAF,CTCP Nafoods Group,3537
QHW,CTCP Nước khoáng Quảng Ninh,3537
SCD,CTCP Nước giải khát Chương Dương,3537
SKH,CTCP Nước giải khát Sanest Khánh Hòa,3537
SKN,CTCP Nước giải khát Sanna Khánh Hòa,3537
SKV,CTCP Nước giải khát Yến sào Khánh Hòa,3537
CMC,CTCP Đầu tư CMC,3353
CTF,CTCP City Auto,3353
DAS,CTCP Máy - Thiết bị Dầu khí Đà Nẵng,3353
GGG,CTCP Ô tô Giải Phóng,3353
HAX,CTCP Dịch Vụ Ô Tô Hàng Xanh,3353
HHS,CTCP Đầu tư dịch vụ Hoàng Huy,3353
HTL,CTCP Kỹ thuật và Ô tô Trường Long,3353
SVC,CTCP Dịch vụ Tổng hợp Sài Gòn,3353
TMT,CTCP Ô tô TMT,3353
VMA,CTCP Công nghiệp Ô tô - Vinacomin,3353
ADS,CTCP Damsan,3763
AG1,CTCP 28.1,3763
BDG,CTCP May mặc Bình Dương,3763
BMG,CTCP May Bình Minh,3763
BVN,CTCP Bông Việt Nam,3763
DCG,CTCP Tổng công ty May Đáp Cầu,3763
DM7,CTCP Dệt May 7,3763
FTM,CTCP Đầu tư và Phát triển Đức Quân,3763
G20,CTCP Đầu tư Dệt may Vĩnh Phúc,3763
GIL,CTCP Sản xuất kinh doanh Xuất nhập khẩu Bình Thạnh,3763
GMC,CTCP Garmex Sài Gòn,3763
HCB,CTCP Dệt may 29/3,3763
HDM,CTCP Dệt May Huế,3763
HLT,CTCP Dệt may Hoàng Thị Loan,3763
HNI,CTCP May Hữu Nghị,3763
HSM,Tổng CTCP Dệt May Hà Nội,3763
HTG,Tổng CTCP Dệt may Hòa Thọ,3763
HUG,Tổng Công ty May Hưng Yên - CTCP,3763
LGM,CTCP Giầy da và May mặc Xuất khẩu (LEGAMEX),3763
M10,Tổng công ty May 10 - CTCP,3763
MGG,Tổng Công ty Đức Giang - CTCP,3763
MNB,Tổng công ty May Nhà Bè - CTCP,3763
MPT,CTCP Tập đoàn MPT,3763
MSH,CTCP May Sông Hồng,3763
NDT,Tổng CTCP Dệt may Nam Định,3763
NJC,CTCP May Nam Định,3763
NTT,CTCP Dệt - May Nha Trang,3763
PNJ,CTCP Vàng bạc Đá quý Phú Nhuận,3763
PPH,Tổng CTCP Phong Phú,3763
PTG,CTCP May Xuất khẩu Phan Thiết,3763
SGI,CTCP Đầu tư phát triển Sài Gòn 3 Group,3763
STK,CTCP Sợi Thế Kỷ,3763
TCM,CTCP Dệt may - Đầu tư - Thương mại Thành Công,3763
TDT,CTCP Đầu tư và Phát triển TDT,3763
TET,CTCP Vải sợi May mặc Miền Bắc,3763
TLI,CTCP May Quốc Tế Thắng Lợi,3763
TNG,CTCP Đầu tư và Thương mại TNG,3763
TTG,CTCP May Thanh Trì,3763
TVT,Tổng Công ty Việt Thắng - CTCP,3763
VDN,CTCP Vinatex Đà Nẵng,3763
VGG,Tổng CTCP May Việt Tiến,3763
VGT,Tập đoàn Dệt may Việt Nam,3763
VTI,CTCP Sản xuất - Xuất nhập khẩu Dệt May,3763
X20,CTCP X20,3763
LIX,CTCP Bột giặt Lix,3767
SPB,CTCP Sợi Phú Bài,3767
SVD,CTCP Đầu tư và Thương mại Vũ Đăng,3767
X26,CTCP 26,3767
XPH,CTCP Xà phòng Hà Nội,3767
ASA,CTCP ASA,3724
DCS,CTCP Tập đoàn Đại Châu,3724
DQC,CTCP Bóng đèn Điện Quang,3724
NET,CTCP Bột Giặt Net,3724
NHT,CTCP Sản xuất và Thương mại Nam Hoa,3724
PAC,CTCP Pin Ắc quy miền Nam,3724
PHN,CTCP Pin Hà Nội,3724
RAL,CTCP Bóng đèn Phích nước Rạng Đông,3724
TLG,CTCP Tập đoàn Thiên Long,3724
TV6,CTCP Thương mại Đầu tư Xây lắp điện Thịnh Vượng,3724
EVE,CTCP Everpia,3722
FBA,CTCP Tập đoàn Quốc tế FBA,3722
GDT,CTCP Chế biến Gỗ Đức Thành,3722
KMR,CTCP Mirae,3722
KSD,CTCP Đầu tư DNA,3722
KTL,CTCP Kim khí Thăng Long,3722
MBG,CTCP Tập đoàn MBG,3722
MHL,CTCP Minh Hữu Liên,3722
SHI,CTCP Quốc tế Sơn Hà,3722
TMW,CTCP Tổng hợp Gỗ Tân Mai,3722
AFX,CTCP Xuất nhập khẩu Nông sản Thực phẩm An Giang,3577
AGM,CTCP Xuất nhập khẩu An Giang,3577
AGX,CTCP Thực phẩm Nông sản Xuất khẩu Sài Gòn,3577
ANT,CTCP Rau quả thực phẩm An Giang,3577
APF,CTCP Nông sản Thực phẩm Quảng Ngãi,3577
ATA,CTCP NTACO,3577
ATS,CTCP Tập đoàn Dược phẩm Atesco,3577
BBC,CTCP Bibica,3577
BCF,CTCP Thực phẩm Bích Chi,3577
BKH,CTCP Bánh Mứt Kẹo Hà Nội,3577
BLT,CTCP Lương thực Bình Định,3577
BMV,CTCP Bột mỳ Vinafood 1,3577
BNA,CTCP Đầu tư sản xuất Bảo Ngọc,3577
C22,CTCP 22,3577
CAD,CTCP Chế biến và Xuất nhập khẩu Thủy sản Cadovimex,3577
CAN,CTCP Đồ hộp Hạ Long,3577
CBS,CTCP Mía đường Cao Bằng,3577
CCA,CTCP Xuất nhập khẩu Thủy sản Cần Thơ,3577
CET,CTCP HTC Holding,3577
CFV,CTCP Cà phê Thắng Lợi,3577
CMF,CTCP Thực phẩm Cholimex,3577
CMN,CTCP Lương thực Thực phẩm Colusa - Miliket,3577
DAT,CTCP Đầu tư Du lịch và Phát triển Thủy sản,3577
DBC,CTCP Tập đoàn Dabaco Việt Nam,3577
EPC,CTCP Cà Phê Ea Pốk,3577
FCC,CTCP Liên hợp thực phẩm,3577
FCS,CTCP Lương thực thành phố Hồ Chí Minh,3577
FGL,CTCP Cà phê Gia Lai,3577
FHN,CTCP Xuất nhập khẩu Lương thực - Thực phẩm Hà Nội,3577
FMC,CTCP Thực phẩm Sao Ta,3577
GCF,CTCP Thực phẩm G.C,3577
GPC,CTCP Tập đoàn Green+,3577
HAF,CTCP Thực phẩm Hà Nội,3577
HHC,CTCP Bánh kẹo Hải Hà,3577
HKB,CTCP Nông nghiệp và Thực phẩm Hà Nội - Kinh Bắc,3577
HKT,CTCP Đầu tư EGO Việt Nam,3577
HNF,CTCP Thực phẩm Hữu Nghị,3577
HNM,CTCP Sữa Hà Nội,3577
HSL,CTCP Đầu tư Phát triển Thực phẩm Hồng Hà,3577
IDP,CTCP Sữa Quốc Tế,3577
IFS,CTCP Thực phẩm Quốc tế,3577
KDC,CTCP Tập đoàn KIDO,3577
KGM,CTCP Xuất nhập khẩu Kiên Giang,3577
KTS,CTCP Đường Kon Tum,3577
LAF,CTCP Chế biến Hàng xuất khẩu Long An,3577
LSS,CTCP Mía đường Lam Sơn,3577
MCF,CTCP Xây lắp - Cơ khí và Lương thực Thực phẩm,3577
MCH,CTCP Hàng tiêu dùng MASAN,3577
MCM,CTCP Giống Bò sữa Mộc Châu,3577
MML,CTCP Masan MeatLife,3577
MSN,CTCP Tập đoàn MaSan,3577
NCS,CTCP Suất ăn Hàng không Nội Bài,3577
NDF,CTCP Chế biến thực phẩm nông sản xuất khẩu Nam Định,3577
PRO,CTCP Procimex Việt Nam,3577
QNS,CTCP Đường Quảng Ngãi,3577
SAF,CTCP Lương thực Thực phẩm Safoco,3577
SBT,CTCP Thành Thành Công - Biên Hòa,3577
SEP,CTCP Tổng Công ty Thương mại Quảng Trị,3577
SGC,CTCP Xuất nhập khẩu Sa Giang,3577
SGO,CTCP Dầu thực vật Sài Gòn,3577
SLS,CTCP Mía đường Sơn La,3577
SPH,CTCP Xuất nhập khẩu Thủy sản Hà Nội,3577
SPV,CTCP Thủy Đặc Sản,3577
SSN,CTCP Xuất nhập khẩu Thủy sản Sài Gòn,3577
TAR,CTCP Nông nghiệp Công nghệ cao Trung An,3577
TFC,CTCP Trang,3577
VCF,CTCP Vinacafé Biên Hòa,3577
VHE,CTCP Dược liệu và Thực phẩm Việt Nam,3577
VHF,CTCP Xây dựng và Chế biến lương thực Vĩnh Hà,3577
VLF,CTCP Lương Thực Thực Phẩm Vĩnh Long,3577
VNM,CTCP Sữa Việt Nam,3577
VOC,Tổng Công ty Công nghiệp dầu thực vật Việt Nam - CTCP,3577
VSF,Tổng Công ty Lương Thực Miền Nam - CTCP,3577
VSN,CTCP Việt Nam Kỹ nghệ Súc sản,3577
CLC,CTCP Cát Lợi,3785
HJC,CTCP Hòa Việt,3785
NST,CTCP Ngân Sơn,3785
PVI,CTCP PVI,8532
AAV,CTCP AAV Group,8633
AGG,CTCP Đầu tư và Phát triển Bất động sản An Gia,8633
API,CTCP Đầu tư Châu Á - Thái Bình Dương,8633
ASM,CTCP Tập Đoàn Sao Mai,8633
BII,CTCP Đầu tư và Phát triển Công nghiệp Bảo Thư,8633
BVL,CTCP BV Land,8633
C21,CTCP Thế kỷ 21,8633
CCI,CTCP Đầu tư Phát triển Công nghiệp - Thương mại Củ Chi,8633
CCL,CTCP Đầu tư và Phát triển Đô thị Dầu khí Cửu Long,8633
CEO,CTCP Tập đoàn C.E.O,8633
CLG,CTCP Đầu tư và Phát triển Nhà đất COTEC,8633
CSC,CTCP Tập đoàn Cotana,8633
D11,CTCP Địa ốc 11,8633
D2D,CTCP Phát triển Đô thị Công nghiệp Số 2,8633
DIG,Tổng CTCP Đầu tư Phát triển Xây dựng,8633
DRH,CTCP DRH Holdings,8633
DTA,CTCP Đệ Tam,8633
DXG,CTCP Tập đoàn Đất Xanh,8633
EFI,CTCP Đầu tư Tài chính Giáo dục,8633
EIN,CTCP Đầu tư - Thương mại - Dịch vụ Điện lực,8633
FDC,CTCP Ngoại thương và Phát triển Đầu tư Thành phố Hồ Chí Minh,8633
FIT,CTCP Tập đoàn F.I.T,8633
HAR,CTCP Đầu tư Thương mại Bất động sản An Dương Thảo Điền,8633
HD2,CTCP Đầu tư phát triển nhà HUD2,8633
HD6,CTCP Đầu tư và Phát triển Nhà số 6 Hà Nội,8633
HDC,CTCP Phát triển Nhà Bà Rịa - Vũng Tàu,8633
HDG,CTCP Tập đoàn Hà Đô,8633
HLD,CTCP Đầu tư và Phát triển Bất động sản HUDLAND,8633
HPI,CTCP Khu công nghiệp Hiệp Phước,8633
HPX,CTCP Đầu tư Hải Phát,8633
HQC,CTCP Tư vấn - Thương mại - Dịch vụ Địa ốc Hoàng Quân,8633
HTT,CTCP Thương mại Hà Tây,8633
HU6,CTCP Đầu tư Phát triển Nhà và Đô thị HUD6,8633
IDC,Tổng công ty IDICO - CTCP,8633
IDJ,CTCP Đầu tư IDJ Việt Nam,8633
IDV,CTCP Phát triển Hạ tầng Vĩnh Phúc,8633
IJC,CTCP Phát triển Hạ tầng Kỹ thuật,8633
ITA,CTCP Đầu tư và Công nghiệp Tân Tạo,8633
ITC,CTCP Đầu tư - Kinh doanh Nhà,8633
KAC,CTCP Đầu tư Địa ốc Khang An,8633
KBC,Tổng Công ty Phát triển Đô Thị Kinh Bắc - CTCP,8633
KDH,CTCP Đầu tư và Kinh doanh Nhà Khang Điền,8633
LDG,CTCP Đầu tư LDG,8633
LEC,CTCP Bất động sản điện lực Miền Trung,8633
LGL,CTCP Đầu tư và Phát triển Đô thị Long Giang,8633
LHG,CTCP Long Hậu,8633
MH3,CTCP Khu Công nghiệp Cao su Bình Long,8633
NBB,CTCP Đầu tư Năm Bảy Bảy,8633
NDN,CTCP Đầu tư Phát triển Nhà Đà Nẵng,8633
NLG,CTCP Đầu tư Nam Long,8633
NRC,CTCP Tập đoàn Danh Khôi,8633
NTB,CTCP Đầu tư Xây dựng và Khai thác công trình giao thông 584,8633
NTC,CTCP Khu Công nghiệp Nam Tân Uyên,8633
NTL,CTCP Phát triển đô thị Từ Liêm,8633
NVL,CTCP Tập đoàn Đầu tư Địa ốc No Va,8633
NVT,CTCP Bất động sản Du lịch Ninh Vân Bay,8633
OGC,CTCP Tập đoàn Đại Dương,8633
PDR,CTCP Phát triển Bất động sản Phát Đạt,8633
PFL,CTCP Dầu khí Đông Đô,8633
PNT,CTCP Kỹ thuật Xây dựng Phú Nhuận,8633
PPI,CTCP Đầu tư và Phát triển dự án Hạ tầng Thái Bình Dương,8633
PTL,CTCP Victory Capital,8633
PV2,CTCP Đầu tư PV2,8633
PVL,CTCP Đầu tư Nhà đất Việt,8633
PXA,CTCP Đầu tư và Thương mại Dầu khí Nghệ An,8633
PXL,CTCP Đầu tư khu công nghiệp Dầu khí Long Sơn,8633
QCG,CTCP Quốc Cường - Gia Lai,8633
RCL,CTCP Địa ốc Chợ Lớn,8633
SCR,CTCP Địa ốc Sài Gòn Thương Tín,8633
SDU,CTCP Đầu tư Xây dựng và Phát triển Đô thị Sông Đà,8633
SJS,CTCP Đầu tư Phát triển Đô thị và Khu công nghiệp Sông Đà,8633
SSH,CTCP Phát triển Sunshine Homes,8633
STL,CTCP Sông Đà - Thăng Long,8633
SZC,CTCP Sonadezi Châu Đức,8633
SZL,CTCP Sonadezi Long Thành,8633
TDC,CTCP Kinh doanh và Phát triển Bình Dương,8633
TDH,CTCP Phát triển Nhà Thủ Đức,8633
TEG,CTCP Năng lượng và Bất động sản Trường Thành,8633
TIG,CTCP Tập đoàn Đầu tư Thăng Long,8633
TIP,CTCP Phát triển Khu công nghiệp Tín Nghĩa,8633
TIX,CTCP Sản xuất Kinh doanh Xuất nhập khẩu Dịch vụ và Đầu tư Tân Bình,8633
VC3,CTCP Tập đoàn Nam Mê Kông,8633
VCR,CTCP Đầu tư và Phát triển Du lịch Vinaconex,8633
VHM,CTCP Vinhomes,8633
VIC,Tập đoàn Vingroup - CTCP,8633
VNI,CTCP Đầu tư Bất động sản Việt Nam,8633
VPH,CTCP Vạn Phát Hưng,8633
VRC,CTCP Bất động sản và Đầu tư VRC,8633
VRG,CTCP Phát triển Đô thị và Khu công nghiệp Cao su Việt Nam,8633
ABI,CTCP Bảo hiểm Ngân hàng Nông nghiệp,8581
AIC,Tổng CTCP Bảo hiểm Hàng Không,8581
BHI,Tổng CTCP Bảo hiểm Sài Gòn - Hà Nội,8581
BIC,Tổng CTCP Bảo hiểm Ngân hàng Đầu tư và Phát triển Việt Nam,8581
BLI,Tổng CTCP Bảo hiểm Bảo Long,8581
BMI,Tổng CTCP Bảo Minh,8581
BVH,Tập đoàn Bảo Việt,8581
MIG,Tổng CTCP Bảo hiểm Quân Đội,8581
PGI,Tổng CTCP Bảo hiểm Petrolimex,8581
PTI,Tổng CTCP Bảo hiểm Bưu điện,8581
VNR,Tổng CTCP Tái bảo hiểm Quốc gia Việt Nam,8581
AAS,CTCP chứng khoán SmartInvest,8781
ABW,CTCP Chứng khoán An Bình,8781
AGR,CTCP Chứng khoán Agribank,8781
APG,CTCP Chứng khoán APG,8781
APS,CTCP Chứng khoán Châu Á - Thái Bình Dương,8781
ART,CTCP Chứng khoán BOS,8781
BMS,CTCP Chứng khoán Bảo Minh,8781
BSI,CTCP Chứng khoán BIDV,8781
BVS,CTCP Chứng khoán Bảo Việt,8781
CSI,CTCP Chứng khoán Kiến Thiết Việt Nam,8781
CTS,CTCP Chứng khoán Ngân hàng Công thương Việt Nam,8781
DSC,CTCP Chứng khoán DSC,8781
EVS,CTCP Chứng khoán Everest,8781
FTS,CTCP Chứng khoán FPT,8781
HAC,CTCP Chứng khoán Hải Phòng,8781
HBS,CTCP Chứng khoán Hòa Bình,8781
HCM,CTCP Chứng khoán Thành phố Hồ Chí Minh,8781
IVS,CTCP Chứng khoán Guotai Junan (Việt Nam),8781
MBS,CTCP Chứng khoán MB,8781
ORS,CTCP Chứng khoán Tiên Phong,8781
PHS,CTCP Chứng khoán Phú Hưng,8781
PSI,CTCP Chứng khoán Dầu Khí,8781
SBS,CTCP Chứng khoán SBS,8781
SHS,CTCP Chứng khoán Sài Gòn - Hà Nội,8781
SSI,CTCP Chứng khoán SSI,8781
TCI,CTCP Chứng Khoán Thành Công,8781
TVB,CTCP Chứng khoán Trí Việt,8781
TVS,CTCP chứng khoán Thiên Việt,8781
VCI,CTCP Chứng Khoán Vietcap,8781
VDS,CTCP Chứng khoán Rồng Việt,8781
VFS,CTCP Chứng khoán Nhất Việt,8781
VIG,CTCP Chứng khoán Đầu tư tài chính Việt Nam,8781
VIX,CTCP Chứng khoán VIX,8781
VND,CTCP Chứng khoán VNDIRECT,8781
VUA,CTCP Chứng khoán Stanley Brothers,8781
WSS,CTCP Chứng khoán Phố Wall,8781
BCM,Tổng Công ty Đầu tư và phát triển Công nghiệp - CTCP,8637
CIG,CTCP COMA 18,8637
CKG,CTCP Tập đoàn Tư vấn đầu tư và Xây dựng Kiên Giang,8637
CRE,CTCP Bất động sản Thế Kỷ,8637
DLG,CTCP Tập đoàn Đức Long Gia Lai,8637
DLR,CTCP Địa ốc Đà Lạt,8637
DTI,CTCP Đầu tư Đức Trung,8637
DXS,CTCP Dịch vụ Bất động sản Đất Xanh,8637
FIR,CTCP Địa ốc First Real,8637
FLC,CTCP Tập đoàn FLC,8637
HD8,CTCP Đầu tư phát triển nhà và đô thị HUD8,8637
HRB,CTCP Harec Đầu tư và Thương mại,8637
KHG,CTCP Tập đoàn Khải Hoàn Land,8637
KOS,CTCP Kosy,8637
KSF,CTCP Tập đoàn Real Tech,8637
LAI,CTCP Đầu tư Xây dựng Long An IDICO,8637
LSG,CTCP Bất động sản Sài Gòn Vi Na,8637
MGR,CTCP Tập đoàn MGROUP,8637
PLA,CTCP Đầu tư và Dịch vụ Hạ tầng Xăng dầu,8637
PVR,CTCP Đầu tư PVR Hà Nội,8637
PWA,CTCP Bất động sản Dầu khí,8637
SGR,CTCP Tổng CTCP Địa ốc Sài Gòn,8637
SIP,CTCP Đầu tư Sài Gòn VRG,8637
SNZ,Tổng CTCP Phát triển khu công nghiệp,8637
SZG,CTCP Sonadezi Giang Điền,8637
TBH,CTCP Tổng Bách Hóa,8637
TBR,CTCP Địa ốc Tân Bình,8637
TCH,CTCP Đầu tư Dịch vụ Tài chính Hoàng Huy,8637
THD,CTCP Thaiholdings,8637
TN1,CTCP Thương mại Dịch vụ TNS Holdings,8637
VHG,CTCP Đầu tư và Phát triển Việt Trung Nam,8637
VPI,CTCP Đầu tư Văn Phú - Invest,8637
VRE,CTCP Vincom Retail,8637
BCG,CTCP Bamboo Capital,8777
IBC,CTCP Đầu tư Apax Holdings,8777
IPA,CTCP Tập đoàn Đầu tư I.P.A,8777
TGG,CTCP The Golden Group,8777
TIN,Công ty Tài chính Cổ phần Tín Việt,8777
ABB,Ngân hàng TMCP An Bình,8355
ACB,Ngân hàng TMCP Á Châu,8355
BAB,Ngân hàng TMCP Bắc Á,8355
BID,Ngân hàng TMCP Đầu tư và Phát triển Việt Nam,8355
BVB,Ngân hàng TMCP Bản Việt,8355
CTG,Ngân hàng TMCP Công Thương Việt Nam,8355
EIB,Ngân hàng TMCP Xuất Nhập Khẩu Việt Nam,8355
EVF,Công ty Tài chính Cổ phần Điện lực,8355
HDB,Ngân hàng TMCP Phát triển Thành phố Hồ Chí Minh,8355
KLB,Ngân hàng TMCP Kiên Long,8355
LPB,Ngân hàng TMCP Bưu điện Liên Việt,8355
MBB,Ngân hàng TMCP Quân Đội,8355
MSB,Ngân hàng TMCP Hàng Hải Việt Nam,8355
NAB,Ngân hàng TMCP Nam Á,8355
NVB,Ngân hàng TMCP Quốc Dân,8355
OCB,Ngân hàng TMCP Phương Đông,8355
PGB,Ngân hàng TMCP Xăng dầu Petrolimex,8355
SGB,Ngân hàng TMCP Sài Gòn Công thương,8355
SHB,Ngân hàng TMCP Sài Gòn - Hà Nội,8355
SSB,Ngân hàng TMCP Đông Nam Á,8355
STB,Ngân hàng TMCP Sài Gòn Thương Tín,8355
TCB,Ngân hàng TMCP Kỹ thương Việt Nam,8355
TPB,Ngân Hàng TMCP Tiên Phong,8355
VAB,Ngân hàng TMCP Việt Á,8355
VBB,Ngân hàng TMCP Việt Nam Thương Tín,8355
VCB,Ngân hàng TMCP Ngoại thương Việt Nam,8355
VIB,Ngân hàng TMCP Quốc tế Việt Nam,8355
VPB,Ngân hàng TMCP Việt Nam Thịnh Vượng,8355
TVC,CTCP Tập đoàn Quản lý tài sản Trí Việt,8771
FUCTVGF3,Quỹ Đầu Tư Tăng Trưởng Thiên Việt 3,8985
FUCTVGF4,Quỹ Đầu Tư Tăng Trưởng Thiên Việt 4,8985
FUCVREIT,Quỹ đầu tư bất động sản Techcom Việt Nam,8985
FUEDCMID,Quỹ ETF DCVFM VNMIDCAP,8985
FUEKIVFS,Quỹ ETF KIM Growth VNFINSELECT,8985
E1VFVN30,Quỹ ETF DCVFMVN30,8995
FUEFCV50,Quỹ ETF FPT CAPITAL VNX50,8995
FUEIP100,Quỹ ETF IPAAM VN100,8995
FUEKIV30,Quỹ ETF KIM Growth VN30,8995
FUEMAV30,Quỹ ETF MAFM VN30,8995
FUEMAVND,Quỹ ETF MAFM VNDIAMOND,8995
FUESSV30,Quỹ ETF SSIAM VN30,8995
FUESSV50,Quỹ ETF SSIAM VNX50,8995
FUESSVFL,Quỹ ETF Ssiam Vnfin Lead,8995
FUEVFVND,Quỹ ETF DCVFMVN DIAMOND,8995
FUEVN100,Quỹ ETF VINACAPITALVN100,8995
PRE,Tổng CTCP Tái Bảo hiểm PVI,8538
DHC,CTCP Đông Hải Bến Tre,1737
GVT,CTCP Giấy Việt Trì,1737
HAP,CTCP Tập Đoàn HAPACO,1737
HHP,CTCP HHP Global,1737
SVI,CTCP Bao bì Biên Hòa,1737
SVT,CTCP Công nghệ Sài Gòn Viễn Đông,1737
VID,CTCP Đầu tư Phát triển thương mại Viễn Đông,1737
BFC,CTCP Phân bón Bình Điền,1357
BT1,CTCP Bảo vệ Thực vật 1 Trung ương,1357
CPC,CTCP Thuốc sát trùng Cần Thơ,1357
DCM,CTCP Phân bón Dầu khí Cà Mau,1357
DHB,CTCP Phân đạm và Hóa chất Hà Bắc,1357
DOC,CTCP Vật tư nông nghiệp Đồng Nai,1357
DPM,Tổng Công ty Phân bón và Hóa chất Dầu khí - CTCP,1357
HAI,CTCP Nông dược HAI,1357
HSI,CTCP Vật tư Tổng hợp và Phân bón Hóa sinh,1357
HVT,CTCP Hóa chất Việt Trì,1357
LAS,CTCP Supe Phốt phát và Hóa chất Lâm Thao,1357
NFC,CTCP Phân lân Ninh Bình,1357
PMB,CTCP Phân bón và Hóa chất Dầu khí Miền Bắc,1357
PSE,CTCP Phân bón và Hóa chất dầu khí Đông Nam Bộ,1357
PSW,CTCP Phân bón và Hóa chất dầu khí Tây Nam Bộ,1357
QBS,CTCP Xuất nhập khẩu Quảng Bình,1357
SFG,CTCP Phân bón Miền Nam,1357
SPC,CTCP Bảo vệ Thực vật Sài Gòn,1357
SVG,CTCP Hơi Kỹ nghệ Que Hàn,1357
TSC,CTCP Vật tư Kỹ thuật Nông nghiệp Cần Thơ,1357
VAF,CTCP Phân lân nung chảy Văn Điển,1357
VFG,CTCP Khử trùng Việt Nam,1357
VPS,CTCP Thuốc sát trùng Việt Nam,1357
AAA,CTCP Nhựa An Phát Xanh,1353
ABS,CTCP Dịch vụ Nông nghiệp Bình Thuận,1353
APC,CTCP Chiếu xạ An Phú,1353
APH,CTCP Tập đoàn An Phát Holdings,1353
APP,CTCP Phát triển Phụ gia và Sản phẩm Dầu mỏ,1353
BMP,CTCP Nhựa Bình Minh,1353
BRC,CTCP Cao su Bến Thành,1353
BRR,CTCP Cao su Bà Rịa,1353
CSV,CTCP Hóa chất Cơ bản miền Nam,1353
DAG,CTCP Tập đoàn Nhựa Đông Á,1353
DDV,CTCP DAP - VINACHEM,1353
DGC,CTCP Tập đoàn Hóa chất Đức Giang,1353
DPR,CTCP Cao su Đồng Phú,1353
DRG,CTCP Cao su Đắk Lắk,1353
DRI,CTCP Đầu tư Cao su Đắk Lắk,1353
DTT,CTCP Kỹ nghệ Đô Thành,1353
GER,CTCP Thể thao Ngôi sao Geru,1353
GVR,Tập đoàn Công nghiệp Cao su Việt Nam,1353
HCD,CTCP Đầu tư Sản xuất và Thương mại HCD,1353
HII,CTCP An Tiến Industries,1353
HNP,CTCP Hanel Xốp nhựa,1353
HPH,CTCP Hóa chất Hưng Phát Hà Bắc,1353
HRC,CTCP Cao su Hòa Bình,1353
IRC,CTCP Cao su Công nghiệp,1353
LNC,CTCP Lệ Ninh,1353
LTG,CTCP Tập đoàn Lộc Trời,1353
NHH,CTCP Nhựa Hà Nội,1353
NSG,CTCP Nhựa Sài Gòn,1353
NTP,CTCP Nhựa Thiếu Niên Tiền Phong,1353
PCE,CTCP Phân bón và Hóa chất Dầu khí Miền Trung,1353
PCH,CTCP Nhựa Picomat,1353
PGN,CTCP Phụ Gia Nhựa,1353
PHR,CTCP Cao su Phước Hòa,1353
PLC,Tổng Công ty Hóa dầu Petrolimex - CTCP,1353
PLP,CTCP Sản xuất và Công nghệ Nhựa Pha Lê,1353
RBC,CTCP Công nghiệp và Xuất nhập khẩu Cao su,1353
RDP,CTCP Rạng Đông Holding,1353
RTB,CTCP Cao su Tân Biên,1353
SBR,CTCP Cao su Sông Bé,1353
SBV,CTCP Siam Brothers Việt Nam,1353
SIV,CTCP SIVICO,1353
TDP,CTCP Thuận Đức,1353
TNC,CTCP Cao su Thống Nhất,1353
TPC,CTCP Nhựa Tân Đại Hưng,1353
TPP,CTCP Tân Phú Việt Nam,1353
TRC,CTCP Cao su Tây Ninh,1353
VKP,CTCP Nhựa Tân Hóa,1353
VNP,CTCP Nhựa Việt Nam,1353
VTZ,CTCP Sản xuất và Thương mại Nhựa Việt Thành,1353
ACM,CTCP Tập đoàn Khoáng sản Á Cường,1775
AMC,CTCP Khoáng sản Á Châu,1775
ATG,CTCP An Trường An,1775
BGM,CTCP Khai thác và Chế biến Khoáng sản Bắc Giang,1775
BKC,CTCP Khoáng sản Bắc Kạn,1775
BMC,CTCP Khoáng sản Bình Định,1775
BMJ,CTCP Khoáng sản Miền Đông AHP,1775
CBI,CTCP Gang thép Cao Bằng,1775
CMI,CTCP CMISTONE Việt Nam,1775
DHM,CTCP Thương mại & Khai thác khoáng sản Dương Hiếu,1775
FCM,CTCP Khoáng sản FECON,1775
HGM,CTCP Cơ khí và Khoáng sản Hà Giang,1775
HPM,CTCP Xây dựng Thương mại và Khoáng sản Hoàng Phúc,1775
KCB,CTCP Khoáng sản và Luyện kim Cao Bằng,1775
KHD,"CTCP Khai thác, Chế biến Khoáng sản Hải Dương",1775
KSB,CTCP Khoáng sản và Xây dựng Bình Dương,1775
KSH,CTCP Damac GLS,1775
KSQ,CTCP CNC Capital Việt Nam,1775
KSV,Tổng Công ty Khoáng sản TKV - CTCP,1775
LCM,CTCP Khai thác và Chế biến Khoáng sản Lào Cai,1775
LMC,CTCP Long Beach LMC,1775
MGC,CTCP Địa chất mỏ - TKV,1775
MIC,CTCP Kỹ nghệ Khoáng sản Quảng Nam,1775
MIM,CTCP Khoáng sản và Cơ khí,1775
MSR,CTCP MaSan High - Tech Materials,1775
MTA,Tổng Công ty Khoáng sản và Thương mại Hà Tĩnh - CTCP,1775
PAT,CTCP Phốt Pho Apatit Việt Nam,1775
SQC,CTCP Khoáng sản Sài Gòn - Quy Nhơn,1775
TNT,CTCP Tập đoàn TNT,1775
VBG,CTCP Địa chất Việt Bắc - TKV,1775
VCE,CTCP Xây lắp Môi trường,1775
VIM,CTCP Khoáng sản Viglacera,1775
VPG,CTCP Đầu tư Thương mại Xuất nhập khẩu Việt Phát,1775
YBM,CTCP Khoáng sản công nghiệp Yên Bái,1775
BCB,CTCP 397,1771
CLM,CTCP Xuất nhập khẩu Than - Vinacomin,1771
CST,CTCP Than Cao Sơn - TKV,1771
HLC,CTCP Than Hà Lầm - Vinacomin,1771
MDC,CTCP Than Mông Dương - Vinacomin,1771
MVB,Tổng Công ty Công nghiệp mỏ Việt Bắc TKV - CTCP,1771
NBC,CTCP Than núi Béo - Vinacomin,1771
TC6,CTCP Than Cọc Sáu - Vinacomin,1771
TDN,CTCP Than Đèo Nai - Vinacomin,1771
THT,CTCP Than Hà Tu - Vinacomin,1771
TMB,CTCP Kinh doanh Than Miền Bắc - Vinacomin,1771
TVD,CTCP Than Vàng Danh - Vinacomin,1771
VDB,CTCP Vận tải và Chế biến Than Đông Bắc,1771
GLC,CTCP Vàng Lào Cai,1777
CKA,CTCP Cơ Khí An Giang,1755
CKD,CTCP Cơ khí Đông Anh Licogi,1755
DFC,CTCP Xích Líp Đông Anh,1755
HLA,CTCP Hữu Liên Á Châu,1755
HMC,CTCP Kim khí Thành phố Hồ Chí Minh - VNSTEEL,1755
HSV,CTCP Tập đoàn HSV Việt Nam,1755
KLM,CTCP Kim loại màu Nghệ Tĩnh,1755
PAS,CTCP Quốc tế Phương Anh,1755
PEC,CTCP Cơ khí Điện Lực,1755
SHA,CTCP Sơn Hà Sài Gòn,1755
TKG,CTCP Sản xuất và Thương mại Tùng Khánh,1755
TKU,CTCP Công nghiệp Tung Kuang,1755
VGL,CTCP Mạ kẽm công nghiệp Vingal-Vnsteel,1755
NSH,CTCP Tập đoàn Nhôm Sông Hồng Shalumi,1753
BCA,CTCP B.C.H,1757
BVG,CTCP Group Bắc Việt,1757
DTL,CTCP Đại Thiên Lộc,1757
HMG,CTCP Kim khí Hà Nội - VNSTEEL,1757
HPG,CTCP Tập đoàn Hòa Phát,1757
HSG,CTCP Tập đoàn Hoa Sen,1757
ITQ,CTCP Tập đoàn Thiên Quang,1757
KKC,CTCP Tập đoàn Thành Thái,1757
KMT,CTCP Kim khí Miền Trung,1757
KVC,CTCP Sản xuất Xuất nhập khẩu Inox Kim Vĩ,1757
MEL,CTCP Thép Mê Lin,1757
NKG,CTCP Thép Nam Kim,1757
POM,CTCP Thép POMINA,1757
SMC,CTCP Đầu tư Thương mại SMC,1757
SSM,CTCP Chế tạo kết cấu thép VNECO.SSM,1757
TDS,CTCP Thép Thủ Đức - VnSteel,1757
TIS,CTCP Gang thép Thái Nguyên,1757
TLH,CTCP Tập đoàn Thép Tiến Lên,1757
TMG,CTCP Kim loại màu Thái Nguyên - Vimico,1757
TNB,CTCP Thép Nhà Bè - Vnsteel,1757
TNS,CTCP Thép tấm lá Thống Nhất,1757
TTS,CTCP Cán thép Thái Trung,1757
TVN,Tổng Công ty Thép Việt Nam - CTCP,1757
VCA,CTCP Thép Vicasa - Vnsteel,1757
VDT,CTCP Lưới Thép Bình Tây,1757
VGS,CTCP Ống thép Việt - Đức VG PIPE,1757
BKG,CTCP Đầu tư BKG Việt Nam,1733
CAP,CTCP Lâm nông sản Thực phẩm Yên Bái,1733
FRC,CTCP Lâm đặc sản Xuất khẩu Quảng Nam,1733
FRM,CTCP Lâm nghiệp Sài Gòn,1733
MDF,CTCP Gỗ MDF VRG - Quảng Trị,1733
PIS,Tổng Công ty PISICO Bình Định - CTCP,1733
PRT,Tổng Công ty Sản xuất - Xuất nhập khẩu Bình Dương - CTCP,1733
TQN,CTCP Thông Quảng Ninh,1733
VIF,Tổng Công ty Lâm nghiệp Việt Nam - CTCP,1733
VTQ,CTCP Việt Trung Quảng Bình,1733
CTR,Tổng CTCP Công trình Viettel,6535
FOC,CTCP Dịch vụ Trực tuyến FPT,6535
FOX,CTCP Viễn thông FPT,6535
ABC,CTCP Truyền thông VMG,6575
TTN,CTCP Công nghệ và Truyền thông Việt Nam,6575
TNH,CTCP Bệnh viện Quốc tế Thái Nguyên,4533
TTD,CTCP Bệnh viện tim Tâm Đức,4533
VNY,CTCP Thuốc thú y Trung ương I,4573
VXP,CTCP Thuốc Thú y Trung ương VETVACO,4573
AGP,CTCP Dược phẩm Agimexpharm,4577
BCP,CTCP Dược Enlie,4577
BIO,CTCP Vắc xin và Sinh phẩm Nha Trang,4577
CDP,CTCP Dược phẩm Trung ương Codupha,4577
CNC,CTCP Công nghệ cao Traphaco,4577
DBD,CTCP Dược - Trang thiết bị y tế Bình Định,4577
DBM,CTCP Dược - Vật tư Y tế Đăc Lăk,4577
DBT,CTCP Dược phẩm Bến Tre,4577
DCL,CTCP Dược phẩm Cửu Long,4577
DDN,CTCP Dược - Thiết bị y tế Đà Nẵng,4577
DHD,CTCP Dược Vật tư Y tế Hải Dương,4577
DHG,CTCP Dược Hậu Giang,4577
DHN,CTCP Dược phẩm Hà Nội,4577
DHT,CTCP Dược phẩm Hà Tây,4577
DMC,CTCP Xuất nhập khẩu Y tế Domesco,4577
DP1,CTCP Dược phẩm Trung ương CPC1,4577
DP2,CTCP Dược phẩm Trung ương 2,4577
DP3,CTCP Dược phẩm Trung ương 3,4577
DPH,CTCP Dược phẩm Hải Phòng,4577
DPP,CTCP Dược Đồng Nai,4577
DTG,CTCP Dược phẩm Tipharco,4577
DTH,CTCP Dược - Vật tư Y tế Thanh Hóa,4577
DTP,CTCP Dược phẩm CPC1 Hà Nội,4577
DVM,CTCP Dược liệu Việt Nam,4577
DVN,Tổng Công ty Dược Việt Nam - CTCP,4577
HDP,CTCP Dược Hà Tĩnh,4577
IMP,CTCP Dược phẩm Imexpharm,4577
LDP,CTCP Dược Lâm Đồng - LADOPHAR,4577
MED,CTCP Dược Trung ương Mediplantex,4577
MKP,CTCP Hóa - Dược phẩm Mekophar,4577
MKV,CTCP Dược thú y Cai Lậy,4577
MTP,CTCP Dược Medipharco,4577
NDC,CTCP Nam Dược,4577
NDP,CTCP Dược phẩm 2/9,4577
NTF,CTCP Dược - Vật tư Y tế Nghệ An,4577
OPC,CTCP Dược phẩm OPC,4577
PBC,CTCP Dược phẩm Trung ương I - Pharbaco,4577
PMC,CTCP Dược phẩm dược liệu Pharmedic,4577
PPP,CTCP Dược phẩm Phong Phú,4577
SPM,CTCP S.P.M,4577
TRA,CTCP Traphaco,4577
TVP,CTCP Dược phẩm TV.Pharm,4577
TW3,CTCP Dược Trung ương 3,4577
UPH,CTCP Dược phẩm TW 25,4577
VDP,CTCP Dược phẩm Trung ương VIDIPHA,4577
VET,CTCP Thuốc Thú y Trung ương NAVETCO,4577
VMD,CTCP Y Dược phẩm Vimedimex,4577
YTC,CTCP Xuất nhập khẩu Y tế Thành phố Hồ Chí Minh,4577
AMP,CTCP Armephaco,4535
AMV,CTCP Sản xuất kinh doanh Dược và Trang thiết bị Y tế Việt Mỹ,4535
JVC,CTCP Đầu tư và Phát triển Y tế Việt Nhật,4535
MEF,CTCP MEINFA,4535
BBT,CTCP Bông Bạch Tuyết,4537
MRF,CTCP Merufa,4537